,name,sku,price
0,VW Spark Plug Wire Separator Kits, 00-8747,$4.99
1,Stainless Steel VW Generator Cover, 00-9036,$7.59
2,Stainless Steel VW Coil Cover Kit, 00-9064,$5.49
3,Billet Aluminum VW Distributor Cover, 16-9545,$52.99
4,VW Chrome Cal Look Zoom Tube, 00-3360,$69.99
5,VW Cheese Grater Exhaust Tips, 95-3050,$21.99
6,Stainless Steel Clamshell VW Exhaust Tip Covers, 00-3363,$55.99
7,VW Beetle Tail Pipe Kits, 00-9915,$21.99
8,Finned VW Backing Plate Covers, 00-8848,$13.99
9,VW Chrome Dress Up Kit, 00-8740,$21.99
10,VW Deluxe Chrome Dress Up Kit, 00-8741,$33.99
11,Super Chrome Deluxe VW Engine Dress Up Kit, 00-8742,$78.99
12,Super Chrome and Color Deluxe VW Engine Dress Up Kit, 00-8653,$105.99
13,VW Engine Trim Kit, 00-8743,$39.99
14,Empi Finned VW Alt/Gen Pulley Covers, 00-8925,$3.99
15,VW Bus Wood Slat Roof Rack, 15-2011,$425.95
16,Empi VW Bus Side Scoops, 00-4212,$39.95
17,VW Bus Side Step, 15-2028,$179.95
18,14mm VW Style Lug Bolt With 17mm Head And Ball Seat, 70-2863,$10.95
19,1776cc or 1915cc Turnkey VW Engine, AE1776TK10011,"$8,085.00"
20,2007cc or 2028cc Turnkey VW Engine, AE2007TK100.1,"$9,085.00"
21,2110cc Turnkey VW Engine, AE2110TK100,"$9,178.00"
22,2276cc Turnkey VW Engine, AE2276TKFK7044.4,"$9,750.00"
23,4 Puck VW Racing Clutch Disc, 00-4091,$82.99
24,14mm VW Style Lug Bolt With 17mm Head And Ball Seat, 70-2863,$10.95
25,1776cc or 1915cc Turnkey VW Engine, AE1776TK10011,"$8,085.00"
26,2007cc or 2028cc Turnkey VW Engine, AE2007TK100.1,"$9,085.00"
27,2110cc Turnkey VW Engine, AE2110TK100,"$9,178.00"
28,2276cc Turnkey VW Engine, AE2276TKFK7044.4,"$9,750.00"
29,4 Puck VW Racing Clutch Disc, 00-4091,$82.99
30,14mm VW Style Lug Bolt With 17mm Head And Ball Seat, 70-2863,$10.95
31,1776cc or 1915cc Turnkey VW Engine, AE1776TK10011,"$8,085.00"
32,2007cc or 2028cc Turnkey VW Engine, AE2007TK100.1,"$9,085.00"
33,2110cc Turnkey VW Engine, AE2110TK100,"$9,178.00"
34,2276cc Turnkey VW Engine, AE2276TKFK7044.4,"$9,750.00"
35,4 Puck VW Racing Clutch Disc, 00-4091,$82.99
36,VW Type 1 Bug Dual Circuit Reservoir, 17-2878,$11.19
37,VW Type 1 Dual Circuit Master Cylinders, 16-9554,$34.99
38,Varga VW Type 1 Bug And Type 2 Bus Wheel Cylinders, 98-6014-B,$19.99
39,Empi VW Bug And Bus Wheel Cylinders, 98-6214-B,$10.39
40,Brake Fluid Reservoirs VW Late Type 2 Bus, 98-1690,$21.99
41,VW Bus Type 2 Dual Circuit Brake Reservoir, 98-1694,$19.99
42,"Stock VW Type 1, 2 Bug And Bus Master Cylinder Reservoirs", 98-6671-B,$5.59
43,VW Buggy Master Cylinder With Billet Reservoir, 00-6116,$55.99
44,Polished Chrome VW Buggy Master Cylinder, 16-7041,$42.99
45,VW Buggy Master Cylinder With Polished Reservoir, 00-6114,$87.99
46,VW Buggy Master Cylinder, 00-6112,$27.99
47,VW Brake Light Switch, 98-2057,$6.19
48,Varga Brand VW Bug And Bus Master Cylinders, 98-6004-B,$125.99
49,VW Type 1 Bug And Type 2 Bus Master Cylinders, 98-6204-B,$24.99
50,14mm VW Style Lug Bolt With 17mm Head And Ball Seat, 70-2863,$10.95
51,1776cc or 1915cc Turnkey VW Engine, AE1776TK10011,"$8,085.00"
52,2007cc or 2028cc Turnkey VW Engine, AE2007TK100.1,"$9,085.00"
53,2110cc Turnkey VW Engine, AE2110TK100,"$9,178.00"
54,2276cc Turnkey VW Engine, AE2276TKFK7044.4,"$9,750.00"
55,4 Puck VW Racing Clutch Disc, 00-4091,$82.99
56,VW Bug Type 1 Brake Drums and Rotors, 98-4002-B,$45.99
57,VW Bus Type 2 Type 3 And Thing Brake Drums And Rotors, 98-4602-B,$93.99
58,Cross Drilled 5x130 Porsche Pattern Ball Joint VW Front Rotors, 22-3863-7,$119.99
59,Cross Drilled 5x130 Porsche Pattern VW Rear Brake Rotors, 22-3843-7,$99.99
60,Cross Drilled 5x205 VW Bug Front Brake Rotors, 22-3861-B,$119.99
61,Cross Drilled Wide Five VW Front Brake Rotors, 22-3865,$119.99
62,Cross Drilled Front Brake Rotors 5x205 Ball Joint Bug, 22-3862-B,$119.99
63,Cross Drilled Ball Joint Front 4x130 VW Brake Rotors, 22-3853-B,$79.99
64,Cross Drilled Wide Five IRS VW Rear Brake Rotors, 22-3872-B,$119.99
65,Wide Track Wide Five Bolt Pattern Cross Drilled VW Rotors, 22-3873-B,$139.99
66,Cross Drilled Rear 4x130 Swing Axle VW Brake Rotors, 22-3842-B,$79.99
67,Cross Drilled Rear 4x130 VW IRS Rotors, 22-3841-B,$79.99
68,Front VW Disc Brake Ball Joint Rotor 5x130/ Chevy Pattern for Bug/Ghia/Type3, 22-2963-7,$89.99
69,14mm VW Style Lug Bolt With 17mm Head And Ball Seat, 70-2863,$10.95
70,1776cc or 1915cc Turnkey VW Engine, AE1776TK10011,"$8,085.00"
71,2007cc or 2028cc Turnkey VW Engine, AE2007TK100.1,"$9,085.00"
72,2110cc Turnkey VW Engine, AE2110TK100,"$9,178.00"
73,2276cc Turnkey VW Engine, AE2276TKFK7044.4,"$9,750.00"
74,4 Puck VW Racing Clutch Disc, 00-4091,$82.99
75,VW Bug Type 1 Rear Brake Distribution Block, 98-6682,$8.39
76,VW Type 1 Bug Replacement Steel Brake Line kits, 98-6991-B,$24.99
77,"VW Bug, Type 3 And Bus Brake Hoses", 98-6700-B,$11.79
78,VW Stainless Steel Brake Line Bracket Clip, 98-6685-B,$3.69
79,Premium VW Brake Line Hose, 98-0121-B,$32.99
80,VW Brake Line Plugs, 18-1103,$5.19
81,VW Brake Light Switch, 98-2057,$6.19
82,Empi Braided Stainless Steel VW Brake Line Kits, 00-5585,$85.99
83,VW Hydraulic Line/ Park Lock, 00-3155,$37.99
84,VW Brake Proportioning Valve, 16-3157,$45.99
85,VW Brake Line Residual Pressure Valve Kit, 17-2935,$21.99
86,VW Brake Line Residual Pressure Valves, 16-3155,$21.99
87,VW Bug Type 1 Drum Brake Hardware Kits, 98-6987,$11.99
88,VW Bus Dual Circuit Master Cylinder Conversion Kit, 22-2934,$39.99
89,14mm VW Style Lug Bolt With 17mm Head And Ball Seat, 70-2863,$10.95
90,1776cc or 1915cc Turnkey VW Engine, AE1776TK10011,"$8,085.00"
91,2007cc or 2028cc Turnkey VW Engine, AE2007TK100.1,"$9,085.00"
92,2110cc Turnkey VW Engine, AE2110TK100,"$9,178.00"
93,2276cc Turnkey VW Engine, AE2276TKFK7044.4,"$9,750.00"
94,4 Puck VW Racing Clutch Disc, 00-4091,$82.99
95,VW Bug Front Disc Brake Kits With Drop Spindles Cross Drilled Rotors, 22-6141,$446.99
96,VW Type 1 Bug Drop Spindle Disc Brake Kits, 22-2881,$429.99
97,Empi Drop Spindle Dual Drilled VW Disc Brake Kit, 22-2925,$479.99
98,VW Bug Rear Cross Drilled Disc Brake Kits With Emergency Brakes, 22-6143,$491.95
99,VW Bug Rear Disc Brake Kits With E-Brake, 22-2865,$369.99
100,CB Performance VW Link Pin Drop Spindle Disc Brake Kit, 4280,$644.95
101,Zero Offset VW Wide Five Disc Brake Kits, 22-2880,$489.99
102,VW Bus Type 2 Front Disc Brake Kits, 22-2935,$923.99
103,VW Bus Dual Circuit Master Cylinder Conversion Kit, 22-2934,$39.99
104,Zero Offset Wide Five VW Rear Disc Brake Kits With Emergency Brake, 22-2905,$449.99
105,Porsche 356 Front Disc Brake Conversion Kit, 22-2996,$650.99
106,Ball Joint VW Disc Brake Kits With Stock Style Spindles, 22-2850,$359.99
107,VW Super Beetle Front Disc Brake Kits, 22-2855,$269.99
108,VW Bug Bolt On Disc Brake Kits, 22-2983,$279.99
109,VW Bug Rear Disc Brake Kits Without E-Brake, 22-2862,$299.99
110,Wide Track Rear VW Disc Brake Kit 5x205 Bolt Pattern, 22-2927,$469.99
111,14mm VW Style Lug Bolt With 17mm Head And Ball Seat, 70-2863,$10.95
112,1776cc or 1915cc Turnkey VW Engine, AE1776TK10011,"$8,085.00"
113,2007cc or 2028cc Turnkey VW Engine, AE2007TK100.1,"$9,085.00"
114,2110cc Turnkey VW Engine, AE2110TK100,"$9,178.00"
115,2276cc Turnkey VW Engine, AE2276TKFK7044.4,"$9,750.00"
116,4 Puck VW Racing Clutch Disc, 00-4091,$82.99
117,Premium Type 2 VW Bus Brake Shoe Sets, 98-8729-B,$32.99
118,Premium VW Type 1 Bug Brake Shoe Sets, 98-6090-B,$24.99
119,14mm VW Style Lug Bolt With 17mm Head And Ball Seat, 70-2863,$10.95
120,1776cc or 1915cc Turnkey VW Engine, AE1776TK10011,"$8,085.00"
121,2007cc or 2028cc Turnkey VW Engine, AE2007TK100.1,"$9,085.00"
122,2110cc Turnkey VW Engine, AE2110TK100,"$9,178.00"
123,2276cc Turnkey VW Engine, AE2276TKFK7044.4,"$9,750.00"
124,4 Puck VW Racing Clutch Disc, 00-4091,$82.99
125,14mm VW Style Lug Bolt With 17mm Head And Ball Seat, 70-2863,$10.95
126,1776cc or 1915cc Turnkey VW Engine, AE1776TK10011,"$8,085.00"
127,2007cc or 2028cc Turnkey VW Engine, AE2007TK100.1,"$9,085.00"
128,2110cc Turnkey VW Engine, AE2110TK100,"$9,178.00"
129,2276cc Turnkey VW Engine, AE2276TKFK7044.4,"$9,750.00"
130,4 Puck VW Racing Clutch Disc, 00-4091,$82.99
131,14mm VW Style Lug Bolt With 17mm Head And Ball Seat, 70-2863,$10.95
132,1776cc or 1915cc Turnkey VW Engine, AE1776TK10011,"$8,085.00"
133,2007cc or 2028cc Turnkey VW Engine, AE2007TK100.1,"$9,085.00"
134,2110cc Turnkey VW Engine, AE2110TK100,"$9,178.00"
135,2276cc Turnkey VW Engine, AE2276TKFK7044.4,"$9,750.00"
136,4 Puck VW Racing Clutch Disc, 00-4091,$82.99
137,14mm VW Style Lug Bolt With 17mm Head And Ball Seat, 70-2863,$10.95
138,1776cc or 1915cc Turnkey VW Engine, AE1776TK10011,"$8,085.00"
139,2007cc or 2028cc Turnkey VW Engine, AE2007TK100.1,"$9,085.00"
140,2110cc Turnkey VW Engine, AE2110TK100,"$9,178.00"
141,2276cc Turnkey VW Engine, AE2276TKFK7044.4,"$9,750.00"
142,4 Puck VW Racing Clutch Disc, 00-4091,$82.99
143,14mm VW Style Lug Bolt With 17mm Head And Ball Seat, 70-2863,$10.95
144,1776cc or 1915cc Turnkey VW Engine, AE1776TK10011,"$8,085.00"
145,2007cc or 2028cc Turnkey VW Engine, AE2007TK100.1,"$9,085.00"
146,2110cc Turnkey VW Engine, AE2110TK100,"$9,178.00"
147,2276cc Turnkey VW Engine, AE2276TKFK7044.4,"$9,750.00"
148,4 Puck VW Racing Clutch Disc, 00-4091,$82.99
149,14mm VW Style Lug Bolt With 17mm Head And Ball Seat, 70-2863,$10.95
150,1776cc or 1915cc Turnkey VW Engine, AE1776TK10011,"$8,085.00"
151,2007cc or 2028cc Turnkey VW Engine, AE2007TK100.1,"$9,085.00"
152,2110cc Turnkey VW Engine, AE2110TK100,"$9,178.00"
153,2276cc Turnkey VW Engine, AE2276TKFK7044.4,"$9,750.00"
154,4 Puck VW Racing Clutch Disc, 00-4091,$82.99
155,14mm VW Style Lug Bolt With 17mm Head And Ball Seat, 70-2863,$10.95
156,1776cc or 1915cc Turnkey VW Engine, AE1776TK10011,"$8,085.00"
157,2007cc or 2028cc Turnkey VW Engine, AE2007TK100.1,"$9,085.00"
158,2110cc Turnkey VW Engine, AE2110TK100,"$9,178.00"
159,2276cc Turnkey VW Engine, AE2276TKFK7044.4,"$9,750.00"
160,4 Puck VW Racing Clutch Disc, 00-4091,$82.99
161,VW Starter Adapter Bushings And Bolt, 00-4027,$4.49
162,Empi Performance 12 Volt VW Starter, 98-9114-B,$114.99
163,Genuine Bosch VW Starters, 98-9112-B,$299.99
164,Compu-Fire High Output 12 Volt VW Starters, 17-2957,$329.99
165,VW Braided Battery Straps, 00-9467,$10.49
166,14mm VW Style Lug Bolt With 17mm Head And Ball Seat, 70-2863,$10.95
167,1776cc or 1915cc Turnkey VW Engine, AE1776TK10011,"$8,085.00"
168,2007cc or 2028cc Turnkey VW Engine, AE2007TK100.1,"$9,085.00"
169,2110cc Turnkey VW Engine, AE2110TK100,"$9,178.00"
170,2276cc Turnkey VW Engine, AE2276TKFK7044.4,"$9,750.00"
171,4 Puck VW Racing Clutch Disc, 00-4091,$82.99
172,14mm VW Style Lug Bolt With 17mm Head And Ball Seat, 70-2863,$10.95
173,1776cc or 1915cc Turnkey VW Engine, AE1776TK10011,"$8,085.00"
174,2007cc or 2028cc Turnkey VW Engine, AE2007TK100.1,"$9,085.00"
175,2110cc Turnkey VW Engine, AE2110TK100,"$9,178.00"
176,2276cc Turnkey VW Engine, AE2276TKFK7044.4,"$9,750.00"
177,4 Puck VW Racing Clutch Disc, 00-4091,$82.99
178,CB Performance 1904cc Builders Choice VW Engine Kit, 1179,"$3,923.95"
179,CB Performance 1776cc Builders Choice VW Engine Kit, 1180,"$3,840.95"
180,CB Performance 1915cc Builders Choice VW Engine Kit, 1181,"$4,120.95"
181,CB Performance 2017cc Builders Choice VW Engine Kit, 1182,"$4,268.95"
182,CB Performance 2110cc Builders Choice VW Engine Kit, 1183,"$4,204.95"
183,CB Performance 2165cc Builders Choice VW Engine Kit, 1184,"$4,590.95"
184,CB Performance 2276cc Builders Choice VW Engine Kit, 1185,"$4,922.95"
185,CB Performance 2332cc Builders Choice VW Engine Kit, 1186,"$4,921.95"
186,CB Performance 2387cc Builders Choice VW Engine Kit, 1187,"$5,477.95"
187,Empi Super Stock 1600cc VW Engine Kit, 98-0472-B1641,"$2,599.99"
188,14mm VW Style Lug Bolt With 17mm Head And Ball Seat, 70-2863,$10.95
189,1776cc or 1915cc Turnkey VW Engine, AE1776TK10011,"$8,085.00"
190,2007cc or 2028cc Turnkey VW Engine, AE2007TK100.1,"$9,085.00"
191,2110cc Turnkey VW Engine, AE2110TK100,"$9,178.00"
192,2276cc Turnkey VW Engine, AE2276TKFK7044.4,"$9,750.00"
193,4 Puck VW Racing Clutch Disc, 00-4091,$82.99
194,ACE Performance 1641cc VW Longblock, ACE1641LB-100.1,"$3,901.00"
195,ACE Performance 1776cc VW Longblock, ALB1776100.1H,"$4,660.00"
196,ACE Performance 1915cc VW Longblock, ALB1915100.1H,"$4,686.00"
197,ACE Performance 2110cc VW Longblock, ALB2110100.1H,"$5,646.00"
198,ACE Performance 2276cc VW Longblock, ALB2276100.1H,"$5,845.00"
199,ACE Performance 2332cc VW Longblock, ALB2332100.1H,"$5,845.00"
200,14mm VW Style Lug Bolt With 17mm Head And Ball Seat, 70-2863,$10.95
201,1776cc or 1915cc Turnkey VW Engine, AE1776TK10011,"$8,085.00"
202,2007cc or 2028cc Turnkey VW Engine, AE2007TK100.1,"$9,085.00"
203,2110cc Turnkey VW Engine, AE2110TK100,"$9,178.00"
204,2276cc Turnkey VW Engine, AE2276TKFK7044.4,"$9,750.00"
205,4 Puck VW Racing Clutch Disc, 00-4091,$82.99
206,1776cc or 1915cc Turnkey VW Engine, AE1776TK10011,"$8,085.00"
207,2007cc or 2028cc Turnkey VW Engine, AE2007TK100.1,"$9,085.00"
208,2110cc Turnkey VW Engine, AE2110TK100,"$9,178.00"
209,2276cc Turnkey VW Engine, AE2276TKFK7044.4,"$9,750.00"
210,14mm VW Style Lug Bolt With 17mm Head And Ball Seat, 70-2863,$10.95
211,1776cc or 1915cc Turnkey VW Engine, AE1776TK10011,"$8,085.00"
212,2007cc or 2028cc Turnkey VW Engine, AE2007TK100.1,"$9,085.00"
213,2110cc Turnkey VW Engine, AE2110TK100,"$9,178.00"
214,2276cc Turnkey VW Engine, AE2276TKFK7044.4,"$9,750.00"
215,4 Puck VW Racing Clutch Disc, 00-4091,$82.99
216,14mm VW Style Lug Bolt With 17mm Head And Ball Seat, 70-2863,$10.95
217,1776cc or 1915cc Turnkey VW Engine, AE1776TK10011,"$8,085.00"
218,2007cc or 2028cc Turnkey VW Engine, AE2007TK100.1,"$9,085.00"
219,2110cc Turnkey VW Engine, AE2110TK100,"$9,178.00"
220,2276cc Turnkey VW Engine, AE2276TKFK7044.4,"$9,750.00"
221,4 Puck VW Racing Clutch Disc, 00-4091,$82.99
222,Silverline VW Cam Bearings, 98-1544-S,$19.99
223,Silverline VW Rod Bearings, 98-1575-S,$12.95
224,Silverline VW Main Bearings Std Case Machined Crank, 98-1461-S,$39.95
225,VW Main Bearing Dowel Pin Set, 16-9519,$3.99
226,Jaycee VW Step Dowel, JC-2273-0,$4.00
227,Jaycee VW Type 4 Adapter Bearing, JC-2159-0,$54.95
228,Silverline Chevy Journal VW Rod Bearings, 98-1612-S,$22.99
229,Silverline VW Main Bearings Bored Case Machined Crank W/2.00mm O/S Thrust, 98-1832-S,$39.99
230,Silverline VW Main Bearings Bored Case Std Crank W/ 2.00mm O/S Thrust, 98-1712-S,$49.95
231,Silverline VW Main Bearings Bored Case Machined Crank W/ 1.00mm O/S Thrust, 98-1740-S,$37.95
232,Silerline VW Main Bearings Bored Case Std Crank W/1.00mm O/S Thrust, 98-1710-S,$37.95
233,Silverline VW Main Bearings Bored Case Machined Crank, 98-1473-S,$37.95
234,Silverline VW Main Bearings Bored Case Std Crank, 98-1471-S,$37.95
235,Mahle VW Rod Bearings And Bushings, 98-1575-B,$15.95
236,14mm VW Style Lug Bolt With 17mm Head And Ball Seat, 70-2863,$10.95
237,1776cc or 1915cc Turnkey VW Engine, AE1776TK10011,"$8,085.00"
238,2007cc or 2028cc Turnkey VW Engine, AE2007TK100.1,"$9,085.00"
239,2110cc Turnkey VW Engine, AE2110TK100,"$9,178.00"
240,2276cc Turnkey VW Engine, AE2276TKFK7044.4,"$9,750.00"
241,4 Puck VW Racing Clutch Disc, 00-4091,$82.99
242,Empi High Performance Aluminum VW Degree Pulley, 33-1055,$49.99
243,Empi VW Power Pulleys, 00-9115,$26.99
244,Empi Serpentine Belt VW Pulley System, 17-2811,$229.95
245,Empi Aluminum Degree VW Crankshaft Pulleys, 00-9114,$31.95
246,Empi Steel Billet VW Degree Pulleys, 33-1090,$119.99
247,Empi Stock Style Aluminum VW Crank Pulley, 18-1063,$53.99
248,Chrome VW Stock Style Pulley, 00-8969,$36.99
249,Empi Sand Seal VW Power Pulley Kit, 00-8693,$49.99
250,Empi Extra Long Chrome VW Pulley Bolt and Washer, 00-9118,$5.39
251,Empi Stock Size VW Pulley Kits, 00-8650,$62.95
252,Empi Sand Seal VW Pulley Kit, 00-8688,$54.99
253,Empi Billet Aluminum VW 12-Volt Alt/ Gen Pulley, 33-1040,$29.99
254,Empi Chrome VW Alternator/ Generator Nut and Spacer, 00-9119,$5.39
255,Empi Stock Style VW Broached Pulley Bolt, 16-6802,$11.69
256,Chrome VW Crank Pulley Bolt, 00-9117,$5.89
257,Empi Billet VW Crank Pulley Bolt, 16-6801,$11.69
258,VW Fan Belts, 00-9120,$3.79
259,VW Adjustable Timing Pointer, 17-2918,$29.95
260,VW Type 2 Crank Pulley Seal, 98-0151-B,$3.69
261,Empi Heavy Duty VW Sand Seal, 00-9112,$6.99
262,VW NEW 6/12 Volt Alt/Gen Pulleys, 00-9166,$7.59
263,VW Alternator Pulley Shim Pack, 00-9197,$2.89
264,Empi Billet VW Alternator Pulley, 16-9707,$59.95
265,Empi Billet VW Alternator Pulley Nut and Washer, 16-9708,$5.41
266,14mm VW Style Lug Bolt With 17mm Head And Ball Seat, 70-2863,$10.95
267,1776cc or 1915cc Turnkey VW Engine, AE1776TK10011,"$8,085.00"
268,2007cc or 2028cc Turnkey VW Engine, AE2007TK100.1,"$9,085.00"
269,2110cc Turnkey VW Engine, AE2110TK100,"$9,178.00"
270,2276cc Turnkey VW Engine, AE2276TKFK7044.4,"$9,750.00"
271,4 Puck VW Racing Clutch Disc, 00-4091,$82.99
272,Empi Performance VW Camshafts with 1.1  Ratio Rockers, 22-4100,$65.95
273,Empi High VW Lift Camshafts for 1.1 Ratio Rockers, 22-4014,$68.99
274,Empi Turbo Grind VW Camshafts for 1.1 Ratio Rockers, 22-4210,$82.99
275,Empi High Lift VW Camshafts for 1.4/1.5 Ratio Rockers, 22-4007,$72.99
276,Empi High Lift Racing Camshafts for VW with 1.4/1.5 Ratio Rockers, 22-4041,$72.99
277,Empi 23 Series VW Cam Kits With Lifters, 23-4100-1,$135.99
278,Empi 24 Series VW Cam Kits With Lifters, 24-4100,$135.95
279,Empi 28mm Lightweight Performance VW Lifters, 21-4300,$45.99
280,Empi 29mm Ultra-Lightweight VW Lifters, 21-4307,$54.99
281,Empi 30mm Racing Lightweight VW Lifters, 21-4305,$42.99
282,Empi 31mm High Performance VW Lifters, 21-4302,$42.99
283,Empi Type 4 VW Lifters, 98-8625-B,$12.99
284,Moly VW Engine Assembly Lube, 27-0160,$4.29
285,Stock Replacement VW Camshaft, 98-1920-B,$72.99
286,Empi Straight Cut VW Cam Gear Set, 21-2514,$79.99
287,Empi Straight Cut Adjustable VW Cam Gear Set, 21-2515,$99.99
288,VW Adjustable Cam Gear Kit, 21-2510,$49.99
289,VW Bolt On Cam Gear, 21-2500,$27.99
290,Low Profile VW Cam Bolts, 21-4315,$3.25
291,VW Cam Gear Bolts, 21-4310,$2.99
292,Jaycee VW Billet VW Cam Plug, JC-2286-0,$14.95
293,14mm VW Style Lug Bolt With 17mm Head And Ball Seat, 70-2863,$10.95
294,1776cc or 1915cc Turnkey VW Engine, AE1776TK10011,"$8,085.00"
295,2007cc or 2028cc Turnkey VW Engine, AE2007TK100.1,"$9,085.00"
296,2110cc Turnkey VW Engine, AE2110TK100,"$9,178.00"
297,2276cc Turnkey VW Engine, AE2276TKFK7044.4,"$9,750.00"
298,4 Puck VW Racing Clutch Disc, 00-4091,$82.99
299,Empi Straight Cut VW Cam Gear Set, 21-2514,$79.99
300,Empi Straight Cut Adjustable VW Cam Gear Set, 21-2515,$99.99
301,VW Cam Gear Bolts, 21-4310,$2.99
302,Low Profile VW Cam Bolts, 21-4315,$3.25
303,VW Bolt On Cam Gear, 21-2500,$27.99
304,VW Adjustable Cam Gear Kit, 21-2510,$49.99
305,14mm VW Style Lug Bolt With 17mm Head And Ball Seat, 70-2863,$10.95
306,1776cc or 1915cc Turnkey VW Engine, AE1776TK10011,"$8,085.00"
307,2007cc or 2028cc Turnkey VW Engine, AE2007TK100.1,"$9,085.00"
308,2110cc Turnkey VW Engine, AE2110TK100,"$9,178.00"
309,2276cc Turnkey VW Engine, AE2276TKFK7044.4,"$9,750.00"
310,4 Puck VW Racing Clutch Disc, 00-4091,$82.99
311,Empi Forged VW 4340 Chromoly H-Beam Rods, 00-8310,$299.95
312,Empi Pro Series VW I-Beam Rods, 00-8347,$325.99
313,Empi All NEW Forged Stock VW Replacement Rods, 98-0153-B,$129.95
314,Empi Forged VW Chromoly I-Beam Rods, 00-8340,$189.95
315,ARP Rod Bolt Upgrade And Replacements, 00-8355,$89.95
316,14mm VW Style Lug Bolt With 17mm Head And Ball Seat, 70-2863,$10.95
317,1776cc or 1915cc Turnkey VW Engine, AE1776TK10011,"$8,085.00"
318,2007cc or 2028cc Turnkey VW Engine, AE2007TK100.1,"$9,085.00"
319,2110cc Turnkey VW Engine, AE2110TK100,"$9,178.00"
320,2276cc Turnkey VW Engine, AE2276TKFK7044.4,"$9,750.00"
321,4 Puck VW Racing Clutch Disc, 00-4091,$82.99
322,Bugpack 4340 Chromoly Forged Stroker VW Crankshafts, 00-8180,$339.95
323,Empi 4140 Chromoly VW Counterweighted Crankshafts, 00-8120,$279.99
324,Bugpack 4340 Forged Flanged VW Crankshafts, B400025,$849.99
325,Empi NEW Direct Drilled VW Crankshaft, 98-1510-B,$205.99
326,CB Performance Super Race VW Crankshafts, 2668,$294.95
327,CB Performance Forged 4140 Chromoly VW Journal Crankshafts, 1105,$217.95
328,CB Performance Wedge-Mated VW Crank And Flywheel Package, 1124,$794.95
329,Empi Performance VW Crankshaft Gear Spacer, 16-9522,$11.99
330,NEW VW Crankshaft Installation kit, 00-8105,$99.95
331,Empi Stock And Competition Length Crankshaft Dowel Pins, 98-8600,$6.95
332,14mm VW Style Lug Bolt With 17mm Head And Ball Seat, 70-2863,$10.95
333,1776cc or 1915cc Turnkey VW Engine, AE1776TK10011,"$8,085.00"
334,2007cc or 2028cc Turnkey VW Engine, AE2007TK100.1,"$9,085.00"
335,2110cc Turnkey VW Engine, AE2110TK100,"$9,178.00"
336,2276cc Turnkey VW Engine, AE2276TKFK7044.4,"$9,750.00"
337,4 Puck VW Racing Clutch Disc, 00-4091,$82.99
338,Empi Stock Dual Port VW Cylinder Heads Bare, 98-1355-B,$169.99
339,Empi Stock VW Dual Heads Complete, 98-1356-B,$219.99
340,Empi Dual Port VW Cylinder Head With Performance Valve Job, 98-1378-B,$239.99
341,Empi High Performance Dual Port VW Cylinder Heads, 98-1373-B,$259.99
342,Empi Big Valve VW Cylinder Heads, 98-1328-B,$199.99
343,Empi Big Valve VW Cylinder Heads with Performance Valve Job, 98-1380-B,$279.99
344,Empi GTV-2 Racing VW Cylinder Heads Bare, 98-1330-B,$219.99
345,Empi GTV-2 Racing VW Cylinder Heads Complete, 98-1331-B,$259.99
346,Empi GTV-2 VW Cylinder Heads with Performance Valve Job, 98-1381-B,$299.99
347,Empi GTV-2 CNC Ported VW Cylinder Heads, 98-1550-B,$999.99
348,Empi GTV-2 CNC Wedge Ported VW Cylinder Heads, 98-1430-B,$923.99
349,Copper Head Gaskets, 16-9529-1,$26.99
350,Cylinder Head Spacers, 21-5008,$8.99
351,VW Spark Plug Inserts, 00-4013,$4.59
352,Chromoly VW Rocker Studs, 21-2314,$14.99
353,"Empi L5,L6,L7, &D7000 CNC Match Ported VW Intake Manifold Gaskets", 00-3265,$5.99
354,Hardened VW Valve Lash Caps, 00-4006,$9.99
355,14mm VW Style Lug Bolt With 17mm Head And Ball Seat, 70-2863,$10.95
356,1776cc or 1915cc Turnkey VW Engine, AE1776TK10011,"$8,085.00"
357,2007cc or 2028cc Turnkey VW Engine, AE2007TK100.1,"$9,085.00"
358,2110cc Turnkey VW Engine, AE2110TK100,"$9,178.00"
359,2276cc Turnkey VW Engine, AE2276TKFK7044.4,"$9,750.00"
360,4 Puck VW Racing Clutch Disc, 00-4091,$82.99
361,Deluxe Engine Hardware Kit, 00-4018,$25.99
362,Empi HD Bubble Top VW Engine Case, 98-0453-B,$929.95
363,Empi Billet Vented VW Fuel Pump Block Off, 17-2927,$19.99
364,Empi Billet VW Fuel Pump Block Off, 31-3011,$14.99
365,Hex Head VW Oil Relief Spring Plug Kit, 16-9527,$7.99
366,Empi Billet VW Dipsticks, 00-8500,$10.99
367,VW Engine Dipstick, 98-1162-B,$3.99
368,VW Engine Case Hardware Kit, 98-8635,$23.95
369,VW Engine Hardware Kit, 00-9523,$22.95
370,VW Engine Lock Nut Kit, 00-9521,$6.99
371,New Magnesium VW Engine Case, 98-0431-B,$849.00
372,14mm VW Style Lug Bolt With 17mm Head And Ball Seat, 70-2863,$10.95
373,1776cc or 1915cc Turnkey VW Engine, AE1776TK10011,"$8,085.00"
374,2007cc or 2028cc Turnkey VW Engine, AE2007TK100.1,"$9,085.00"
375,2110cc Turnkey VW Engine, AE2110TK100,"$9,178.00"
376,2276cc Turnkey VW Engine, AE2276TKFK7044.4,"$9,750.00"
377,4 Puck VW Racing Clutch Disc, 00-4091,$82.99
378,Deluxe Engine Hardware Kit, 00-4018,$25.99
379,VW Engine Case Hardware Kit, 98-8635,$23.95
380,VW Engine Hardware Kit, 00-9523,$22.95
381,Empi Chromoly Case Studs, 00-4020,$44.99
382,Chromoly VW Rocker Studs, 21-2314,$14.99
383,Low Profile VW Cam Bolts, 21-4315,$3.25
384,Full VW Engine Gasket Sets, 00-9900,$12.99
385,VW Oil Pressure Switch, 98-9190,$2.49
386,VW Oil Filler Nut, 00-1176,$4.99
387,VW Oil Pressure Booster Kit, 00-9201,$2.90
388,VW Cam Gear Bolts, 21-4310,$2.99
389,Total Seal Quickseat VW Ring Dry Film Powder, 98-1900,$29.99
390,Chrome VW Magnetic Oil Drain Plug, 00-8856,$3.59
391,VW Type 2 Crank Pulley Seal, 98-0151-B,$3.69
392,Empi Heavy Duty VW Sand Seal, 00-9112,$6.99
393,VW Engine Threaded Oil Galley Plug Kit, 16-9515,$9.99
394,VW Engine Case Adapter for Type 2/3, 00-9148,$12.99
395,Empi VW Flywheel Shims, 98-1277-B,$1.39
396,Copper Head Gaskets, 16-9529-1,$26.99
397,Cylinder Head Spacers, 21-5008,$8.99
398,Cylinder Shims 90.5 /92 and 94mm, 00000,$8.99
399,Cylinder Shim Sets 85.5/ 87/ 88mm, 21-6010,$8.99
400,VW Poly Piston Pin Retainer Buttons, 00-4070,$19.95
401,Empi Billet Vented VW Fuel Pump Block Off, 17-2927,$19.99
402,14mm VW Style Lug Bolt With 17mm Head And Ball Seat, 70-2863,$10.95
403,1776cc or 1915cc Turnkey VW Engine, AE1776TK10011,"$8,085.00"
404,2007cc or 2028cc Turnkey VW Engine, AE2007TK100.1,"$9,085.00"
405,2110cc Turnkey VW Engine, AE2110TK100,"$9,178.00"
406,2276cc Turnkey VW Engine, AE2276TKFK7044.4,"$9,750.00"
407,4 Puck VW Racing Clutch Disc, 00-4091,$82.99
408,Empi Sideflow VW Exhaust Systems For Bug, 00-3485,$309.99
409,Empi Sideflow Exhaust VW Type 2 Bus -67, 00-3450,$325.99
410,Sideflow VW Exhaust System for Baywindow Bus, 00-3255,$639.99
411,Empi VW Exhaust Systems With Small 3 Bolt Flange, 00-3647,$145.99
412,Empi Premium VW Exhaust Systems, 00-3120,$179.99
413,Empi Phat Boy VW Mufflers for Premium Extractors, 00-3200,$108.99
414,Stainless Steel VW Extractor and Stinger Exhaust System, 00-3767,$259.99
415,Stainless Steel Phat Boy VW Muffler, 00-3765,$259.99
416,Stainless Steel Hideaway VW muffler, 00-3763,$259.99
417,Empi Large 3 Bolt VW Exhaust Systems, 00-3312,$149.99
418,Empi High Mount VW Header and Muffler, 00-3682,$93.99
419,Stainless Steel VW Merged Competition Exhaust System, 00-3760,$465.99
420,Empi Competition Merged VW Exhaust System, 00-3699,$149.99
421,Competition Merged VW Exhaust For Bolt On Heater Boxes, 00-7320,$179.99
422,Empi Phat Boy Muffler For VW Merged Competition Exhaust Systems, 00-3701,$108.99
423,Empi Econo VW Exhaust System, 00-3300,$109.99
424,Empi Tuck-Away VW Dual Exhaust System, 00-3602,$189.99
425,Empi Stainless Steel 2 Tip VW Exhaust System, 00-3761,$289.99
426,Empi GT Style VW Exhaust Systems, 00-3418,$139.99
427,Empi 4 Tip GT VW Exhaust System, 00-3414,$149.99
428,Off Road Competition VW Exhaust System With Stainless Steel Muffler, 00-3750,$299.99
429,Empi Off Road Competition VW Exhaust Systems, 00-3455,$129.99
430,Stainless Steel Off Road VW Competition Exhaust Systems, 56-3752,$510.99
431,Off Road VW Competition Exhaust With Dual Mufflers, 00-3480,$329.99
432,14mm VW Style Lug Bolt With 17mm Head And Ball Seat, 70-2863,$10.95
433,1776cc or 1915cc Turnkey VW Engine, AE1776TK10011,"$8,085.00"
434,2007cc or 2028cc Turnkey VW Engine, AE2007TK100.1,"$9,085.00"
435,2110cc Turnkey VW Engine, AE2110TK100,"$9,178.00"
436,2276cc Turnkey VW Engine, AE2276TKFK7044.4,"$9,750.00"
437,4 Puck VW Racing Clutch Disc, 00-4091,$82.99
438,8 Dowel Crankshaft/Flywheel Drill Fixture, 00-5004,$29.94
439,Empi Stock And Competition Length Crankshaft Dowel Pins, 98-8600,$6.95
440,VW Flywheels Seals, 32-1545,$6.50
441,Empi OE Style Chromoly VW Gland Nut and Washer, 10-4029,$19.99
442,Empi High Performance Chromoly VW Gland Nut, 00-4026,$26.95
443,Empi Steel VW Flywheels, 98-1273-B,$65.95
444,Empi Chromoly Lightweight VW Flywheel, 00-4099,$159.95
445,14mm VW Style Lug Bolt With 17mm Head And Ball Seat, 70-2863,$10.95
446,1776cc or 1915cc Turnkey VW Engine, AE1776TK10011,"$8,085.00"
447,2007cc or 2028cc Turnkey VW Engine, AE2007TK100.1,"$9,085.00"
448,2110cc Turnkey VW Engine, AE2110TK100,"$9,178.00"
449,2276cc Turnkey VW Engine, AE2276TKFK7044.4,"$9,750.00"
450,4 Puck VW Racing Clutch Disc, 00-4091,$82.99
451,VW Piston And Cylinder Sets, 00,$189.00
452,94mm Extra Long Cylinders, B457512,$209.95
453,Mahle Forged VW Piston and Cylinder Sets, 0000,$209.95
454,VW Poly Piston Pin Retainer Buttons, 00-4070,$19.95
455,VW Piston Pin Retainers, 00-4068,$4.99
456,Copper Head Gaskets, 16-9529-1,$26.99
457,Cylinder Head Spacers, 21-5008,$8.99
458,Cylinder Shims 90.5 /92 and 94mm, 00000,$8.99
459,Cylinder Shim Sets 85.5/ 87/ 88mm, 21-6010,$8.99
460,Total Seal Quickseat VW Ring Dry Film Powder, 98-1900,$29.99
461,14mm VW Style Lug Bolt With 17mm Head And Ball Seat, 70-2863,$10.95
462,1776cc or 1915cc Turnkey VW Engine, AE1776TK10011,"$8,085.00"
463,2007cc or 2028cc Turnkey VW Engine, AE2007TK100.1,"$9,085.00"
464,2110cc Turnkey VW Engine, AE2110TK100,"$9,178.00"
465,2276cc Turnkey VW Engine, AE2276TKFK7044.4,"$9,750.00"
466,4 Puck VW Racing Clutch Disc, 00-4091,$82.99
467,Bugpack Chromoly VW Push Rods, B405310,$69.99
468,Empi Chromoly VW Push Rods, 00-4035,$55.99
469,Jaycee VW Pushrod Tube Plate, JC-9105-0,$99.95
470,VW Push Rod Measuring Tool, 16-9600,$16.99
471,Bugpack Aluminum VW Push Rods, B405400,$70.95
472,Empi High Performance VW Push Rods, 00-4033,$52.99
473,14mm VW Style Lug Bolt With 17mm Head And Ball Seat, 70-2863,$10.95
474,1776cc or 1915cc Turnkey VW Engine, AE1776TK10011,"$8,085.00"
475,2007cc or 2028cc Turnkey VW Engine, AE2007TK100.1,"$9,085.00"
476,2110cc Turnkey VW Engine, AE2110TK100,"$9,178.00"
477,2276cc Turnkey VW Engine, AE2276TKFK7044.4,"$9,750.00"
478,4 Puck VW Racing Clutch Disc, 00-4091,$82.99
479,Empi High Performance VW Aluminum Push Rod Tubes, 00-4109,$78.99
480,Empi Aluminum Quick Change VW Push Rod Tubes, 00-9096,$72.99
481,Empi Adjustable Aluminum VW Push Rod Tubes, 00-9139,$9.99
482,Empi Nylon Self Adjusting VW Push Rod Tubes, 00-9159,$20.99
483,Stainless Steel Windage VW Push Rod Tubes, 00-8530,$7.29
484,VW Stainless Steel Push Rod Tubes, 00-8520,$7.20
485,VW Push Rod Tube Seals, 00-9153,$7.59
486,Jaycee Rebuild Kit For VW Leakproof Pushrod Tubes, JC-9100-0,$11.95
487,Jaycee Leakproof VW Pushrod Tubes, JC-9101-0,$97.95
488,Jaycee VW Pushrod Tube Plate, JC-9105-0,$99.95
489,Jaycee VW Single Leak Proof Push Rod Tube, JC-9107-0,$14.95
490,CB Performance Pro Series VW Adjustable Push Rod Tubes, 1571,$82.95
491,14mm VW Style Lug Bolt With 17mm Head And Ball Seat, 70-2863,$10.95
492,1776cc or 1915cc Turnkey VW Engine, AE1776TK10011,"$8,085.00"
493,2007cc or 2028cc Turnkey VW Engine, AE2007TK100.1,"$9,085.00"
494,2110cc Turnkey VW Engine, AE2110TK100,"$9,178.00"
495,2276cc Turnkey VW Engine, AE2276TKFK7044.4,"$9,750.00"
496,4 Puck VW Racing Clutch Disc, 00-4091,$82.99
497,Empi High Performance VW Rocker Shaft Kits, 21-2309,$49.99
498,Empi High Perforfmance Stock 1.1 VW Rocker Kit, 17-2954,$169.99
499,Empi High Ratio Forged VW Rockers, 21-2162,$159.99
500,Empi 1.25 Forged VW Ratio Rocker Arms, 21-2312,$99.99
501,Chromoly VW Rocker Studs, 21-2314,$14.99
502,VW Heavy Duty Performance Swivel Valve Adjusters, 21-2031,$31.99
503,Ball Foot Swivel VW Valve Adjusters, 00-4061,$29.99
504,VW Valve Adjustment Screw and Nut, 98-0114-B,$1.79
505,VW Rocker Shaft Shims, 00-4058,$3.99
506,14mm VW Style Lug Bolt With 17mm Head And Ball Seat, 70-2863,$10.95
507,1776cc or 1915cc Turnkey VW Engine, AE1776TK10011,"$8,085.00"
508,2007cc or 2028cc Turnkey VW Engine, AE2007TK100.1,"$9,085.00"
509,2110cc Turnkey VW Engine, AE2110TK100,"$9,178.00"
510,2276cc Turnkey VW Engine, AE2276TKFK7044.4,"$9,750.00"
511,4 Puck VW Racing Clutch Disc, 00-4091,$82.99
512,VW Oil Pump Gaskets, 98-1164-B,$0.55
513,Bugpack Angle Flow VW Valve Cover Gaskets, B400640,$9.99
514,Bugpack Super Flo VW Valve Cover Gaskets, B400431,$9.99
515,VW Valve Cover Gaskets, 00-9088,$5.69
516,Empi Heavy Duty VW Sand Seal, 00-9112,$6.99
517,Jaycee VW Carburetor Isolator Gaskets, JC-4311-0,$12.00
518,Jaycee VW Pro Gas Intake Gaskets, JC-2265-0,$8.00
519,Jaycee VW Autocraft Valve Cover Gaskets, JC-2247-0,$16.00
520,Jaycee VW Square Port Gaskets, JC-2246-0,$12.00
521,Jaycee VW Autocraft Intake Gaskets, JC-2242-0,$14.00
522,Jaycee VW 48 IDA Dual Vibration Isolators, JC-2240-0,$54.95
523,VW Transmission Gasket Kits For Type 1/ Type 2, 98-2077,$14.89
524,VW Transaxle Oil Seal, 98-3009-B,$1.95
525,VW Transmission Side Cover Gasket, 98-8623-B,$0.99
526,VW Transmission Main Seal, 98-3014-B,$2.19
527,VW Heat Riser Block Off Plates, 00-3447,$4.39
528,VW Alternator Stand Deflector Plate, 98-0142-B,$0.69
529,VW Alternator Stand Gasket, 98-0141-B,$0.34
530,VW Oil Filler Sealing Washer, 98-1173-B,$0.49
531,VW Stock Rubber Oil Cap Gasket, 00-8968-5,$0.88
532,VW Oil Change Gasket Kit, 00-9909,$1.75
533,VW Oil Strainer Gasket Set, 98-9207,$3.89
534,VW Oil Screen Kit, 00-9923,$7.59
535,VW Oil Cooler Seals and Bypass Seals, 00-9255,$3.25
536,14mm VW Style Lug Bolt With 17mm Head And Ball Seat, 70-2863,$10.95
537,1776cc or 1915cc Turnkey VW Engine, AE1776TK10011,"$8,085.00"
538,2007cc or 2028cc Turnkey VW Engine, AE2007TK100.1,"$9,085.00"
539,2110cc Turnkey VW Engine, AE2110TK100,"$9,178.00"
540,2276cc Turnkey VW Engine, AE2276TKFK7044.4,"$9,750.00"
541,4 Puck VW Racing Clutch Disc, 00-4091,$82.99
542,Empi VW Flywheel Shims, 98-1277-B,$1.39
543,VW Rocker Arm Stand Shims, 21-2315,$3.50
544,Bugpack Hardened VW Spring Shims, B405515,$4.99
545,VW Carb Spacers for Alternator Conversions, 00-3245,$14.99
546,VW Alternator Pulley Shim Pack, 00-9197,$2.89
547,14mm VW Style Lug Bolt With 17mm Head And Ball Seat, 70-2863,$10.95
548,1776cc or 1915cc Turnkey VW Engine, AE1776TK10011,"$8,085.00"
549,2007cc or 2028cc Turnkey VW Engine, AE2007TK100.1,"$9,085.00"
550,2110cc Turnkey VW Engine, AE2110TK100,"$9,178.00"
551,2276cc Turnkey VW Engine, AE2276TKFK7044.4,"$9,750.00"
552,4 Puck VW Racing Clutch Disc, 00-4091,$82.99
553,Empi Racing VW Dual Valve Springs, 00-4037,$54.99
554,Empi Racing VW Dual Valve Spring Kit, 00-4041,$79.99
555,Empi High Performance VW Valve Springs, 00-4040,$29.99
556,Empi High Rev VW Valve Spring Kit, 00-4045,$55.99
557,Stock Replacement VW Valve Springs, 98-1923-B,$2.39
558,Bugpack Hardened VW Spring Shims, B405515,$4.99
559,Empi High Performance VW Push Rods, 00-4033,$52.99
560,Empi Chromoly VW Push Rods, 00-4035,$55.99
561,Bugpack Aluminum VW Push Rods, B405400,$70.95
562,Bugpack Chromoly VW Push Rods, B405310,$69.99
563,Empi High Perforfmance Stock 1.1 VW Rocker Kit, 17-2954,$169.99
564,Empi High Performance VW Rocker Shaft Kits, 21-2309,$49.99
565,Empi High Ratio Forged VW Rockers, 21-2162,$159.99
566,Empi Chromoly VW Valve Spring Retianers, 00-4015,$27.99
567,Empi Titanium VW Vavle Spring Retainers, 00-4007,$119.99
568,VW Stock Vavle Spring Retainers, 98-1964-B,$1.09
569,Empi Stainless Steel VW Valves, 00-4046,$58.99
570,VW Racing Valve Guides, B405600,$35.99
571,VW Valve Guides, 00-4002,$5.99
572,Empi VW Valve Locks, 00-4044,$4.69
573,Hardened VW Valve Lash Caps, 00-4006,$9.99
574,Bugpack Heavy Duty VW Valve Seats, B402600,$32.99
575,VW Spark Plug Inserts, 00-4013,$4.59
576,Empi 1.25 Forged VW Ratio Rocker Arms, 21-2312,$99.99
577,14mm VW Style Lug Bolt With 17mm Head And Ball Seat, 70-2863,$10.95
578,1776cc or 1915cc Turnkey VW Engine, AE1776TK10011,"$8,085.00"
579,2007cc or 2028cc Turnkey VW Engine, AE2007TK100.1,"$9,085.00"
580,2110cc Turnkey VW Engine, AE2110TK100,"$9,178.00"
581,2276cc Turnkey VW Engine, AE2276TKFK7044.4,"$9,750.00"
582,4 Puck VW Racing Clutch Disc, 00-4091,$82.99
583,14mm VW Style Lug Bolt With 17mm Head And Ball Seat, 70-2863,$10.95
584,1776cc or 1915cc Turnkey VW Engine, AE1776TK10011,"$8,085.00"
585,2007cc or 2028cc Turnkey VW Engine, AE2007TK100.1,"$9,085.00"
586,2110cc Turnkey VW Engine, AE2110TK100,"$9,178.00"
587,2276cc Turnkey VW Engine, AE2276TKFK7044.4,"$9,750.00"
588,4 Puck VW Racing Clutch Disc, 00-4091,$82.99
589,VW 36HP Style Fan Shrouds, 00-8882,$64.99
590,Ram Air Steel VW Fan Shroud, 00-8857,$65.99
591,VW Cooling Fan Hardware Kit, 00-8898,$11.99
592,VW Cooling Fans, 98-2006,$74.99
593,VW Fan Shroud Plugs, 00-9151,$3.89
594,VW Chrome Air Intake Screen, 00-9195,$8.69
595,VW Alternator And Generator Backing Plate Kits, 00-9056,$11.99
596,VW Fan Shroud Spacer Kit, 16-9511,$9.99
597,14mm VW Style Lug Bolt With 17mm Head And Ball Seat, 70-2863,$10.95
598,1776cc or 1915cc Turnkey VW Engine, AE1776TK10011,"$8,085.00"
599,2007cc or 2028cc Turnkey VW Engine, AE2007TK100.1,"$9,085.00"
600,2110cc Turnkey VW Engine, AE2110TK100,"$9,178.00"
601,2276cc Turnkey VW Engine, AE2276TKFK7044.4,"$9,750.00"
602,4 Puck VW Racing Clutch Disc, 00-4091,$82.99
603,Rear VW Engine Tin, 00-8938,$24.99
604,VW Front Engine Tin, 00-8930,$27.99
605,VW Engine Pulley Tin, 00-8935,$11.79
606,VW Cylinder Head Tin, 00-9063,$26.99
607,VW Lower Cylinder Deflector Tin, 98-9983-B,$1.59
608,VW Dog House Engine Tin, 00-8896,$32.99
609,VW Alternator And Generator Backing Plate Kits, 00-9056,$11.99
610,Stainless Steel 6mm Button Head VW Engine Tin Screw Kit, 17-2960,$17.99
611,VW Engine Tin and Fan Shroud Screw Kit, 00-9524,$6.99
612,VW Fan Shroud Spacer Kit, 16-9511,$9.99
613,VW Air Deflector Plates, 98-8732,$26.99
614,VW Heater Channel Mount Kit, 00-3359,$13.99
615,VW Heater Channel 3 Piece Tin Kit, 00-8948,$32.99
616,14mm VW Style Lug Bolt With 17mm Head And Ball Seat, 70-2863,$10.95
617,1776cc or 1915cc Turnkey VW Engine, AE1776TK10011,"$8,085.00"
618,2007cc or 2028cc Turnkey VW Engine, AE2007TK100.1,"$9,085.00"
619,2110cc Turnkey VW Engine, AE2110TK100,"$9,178.00"
620,2276cc Turnkey VW Engine, AE2276TKFK7044.4,"$9,750.00"
621,4 Puck VW Racing Clutch Disc, 00-4091,$82.99
622,Empi Billet Aluminum VW 12-Volt Alt/ Gen Pulley, 33-1040,$29.99
623,Empi Stock Style Aluminum VW Crank Pulley, 18-1063,$53.99
624,Empi VW Power Pulleys, 00-9115,$26.99
625,Empi Billet VW Alternator Pulley, 16-9707,$59.95
626,Billet VW Oil Caps, 00-8899,$17.59
627,VW Billet Oil Filler Cap, 17-2943,$15.49
628,Billet VW Oil Sump Plate, 16-8964,$29.99
629,Empi Billet VW Alternator Pulley Nut and Washer, 16-9708,$5.41
630,Empi Billet VW Crank Pulley Bolt, 16-6801,$11.69
631,VW Adjustable Timing Pointer, 17-2918,$29.95
632,"Empi 3"" Billet Aluminum VW Wheel Spacers", 00-9485,$149.95
633,Empi Billet VW Fuel Pump Block-off Coil Mount, 17-2926,$39.95
634,Empi Billet Vented VW Fuel Pump Block Off, 17-2927,$19.99
635,Empi Billet VW Fuel Pump Block Off, 31-3011,$14.99
636,Empi Billet VW Dipsticks, 00-8500,$10.99
637,Empi VW Billet Cam Plug, 16-9524,$9.95
638,Billet Aluminum VW Distributor Cover, 16-9545,$52.99
639,Billet VW Distributor Clamps, 17-2925,$27.99
640,Standard Billet VW Distributor Clamp, 00-8912,$26.99
641,Jaycee VW Billet Jackstand VW Alternator Stand, JC-4495-0,$199.95
642,Jaycee Billet VW Timing Pointer, JC-2203-0,$34.95
643,Jaycee VW Billet Decklid Stand Off, JC-2214-0,$58.95
644,Jaycee VW Dual Coil Clamp, JC-2193-0,$48.95
645,Jaycee VW Universal Billet Coil Clamp, JC-2197-0,$34.95
646,14mm VW Style Lug Bolt With 17mm Head And Ball Seat, 70-2863,$10.95
647,1776cc or 1915cc Turnkey VW Engine, AE1776TK10011,"$8,085.00"
648,2007cc or 2028cc Turnkey VW Engine, AE2007TK100.1,"$9,085.00"
649,2110cc Turnkey VW Engine, AE2110TK100,"$9,178.00"
650,2276cc Turnkey VW Engine, AE2276TKFK7044.4,"$9,750.00"
651,4 Puck VW Racing Clutch Disc, 00-4091,$82.99
652,Empi Oil Filler And VW Breather Box, 17-2941,$92.99
653,Empi Cast Aluminum VW Oil Breather Kit, 00-8544,$39.95
654,Vented VW Oil Filler Tube With Screw On Cap, 00-8904,$11.99
655,Empi Smooth Flow VW Oil Filler With Grooved Cap, 00-7902,$27.99
656,Empi Vertical VW Oil Filler With Cap, 00-7912,$34.99
657,Empi Smooth Flow VW Oil Filler With Smooth Cap, 00-7904,$27.99
658,Chrome VW Oil Filler And Cap, 00-8965,$10.49
659,Empi Off Road VW Breather, 00-8540,$45.99
660,Aluminum Knock Off VW Oil Cap With Vent, 00-7903,$15.99
661,Billet VW Oil Caps, 00-8899,$17.59
662,VW Billet Oil Filler Cap, 17-2943,$15.49
663,VW Chrome Oil Cap, 00-8968,$2.79
664,VW Valve Cover Vents, 00-9164,$5.99
665,Deluxe VW Valve Cover Vents, 00-9165,$8.50
666,VW Oil Filler Nut, 00-1176,$4.99
667,VW Oil Filler Sealing Washer, 98-1173-B,$0.49
668,Empi Off Road VW Billet Breather, 16-2049,$85.99
669,VW Crank Case Breather Filters, 00-9053,$7.39
670,14mm VW Style Lug Bolt With 17mm Head And Ball Seat, 70-2863,$10.95
671,1776cc or 1915cc Turnkey VW Engine, AE1776TK10011,"$8,085.00"
672,2007cc or 2028cc Turnkey VW Engine, AE2007TK100.1,"$9,085.00"
673,2110cc Turnkey VW Engine, AE2110TK100,"$9,178.00"
674,2276cc Turnkey VW Engine, AE2276TKFK7044.4,"$9,750.00"
675,4 Puck VW Racing Clutch Disc, 00-4091,$82.99
676,Empi GT Bolt On VW Valve Covers, 00-8854,$104.95
677,Empi C Channel Bolt On VW Valve Covers, 00-8852,$89.95
678,Empi Bolt On Aluminum VW Valve Covers, 00-9152,$28.99
679,Bugpack VW Racing Valve Covers, B-450200,$139.99
680,Empi Clip-on Aluminum VW Valve Covers, 00-9138,$27.99
681,Empi Stainless Steel VW Valve Covers, 16-9470,$49.95
682,Empi Stock Style VW Valve Covers, 98-9196-0,$18.99
683,Empi Bolt On Aluminum VW Type 2/4 Aluminum Valve Covers, 00-8855,$95.99
684,VW Valve Cover Gaskets, 00-9088,$5.69
685,Bugpack Super Flo VW Valve Cover Gaskets, B400431,$9.99
686,Bugpack Angle Flow VW Valve Cover Gaskets, B400640,$9.99
687,VW Valve Cover Vents, 00-9164,$5.99
688,Deluxe VW Valve Cover Vents, 00-9165,$8.50
689,Jaycee Billet VW Valve Covers, JC-2218-0,$399.95
690,14mm VW Style Lug Bolt With 17mm Head And Ball Seat, 70-2863,$10.95
691,1776cc or 1915cc Turnkey VW Engine, AE1776TK10011,"$8,085.00"
692,2007cc or 2028cc Turnkey VW Engine, AE2007TK100.1,"$9,085.00"
693,2110cc Turnkey VW Engine, AE2110TK100,"$9,178.00"
694,2276cc Turnkey VW Engine, AE2276TKFK7044.4,"$9,750.00"
695,4 Puck VW Racing Clutch Disc, 00-4091,$82.99
696,14mm VW Style Lug Bolt With 17mm Head And Ball Seat, 70-2863,$10.95
697,1776cc or 1915cc Turnkey VW Engine, AE1776TK10011,"$8,085.00"
698,2007cc or 2028cc Turnkey VW Engine, AE2007TK100.1,"$9,085.00"
699,2110cc Turnkey VW Engine, AE2110TK100,"$9,178.00"
700,2276cc Turnkey VW Engine, AE2276TKFK7044.4,"$9,750.00"
701,4 Puck VW Racing Clutch Disc, 00-4091,$82.99
702,VW Spark Plug Wire Separator Kits, 00-8747,$4.99
703,VW Distributor Shaft O-Ring, 98-9021-B,$0.49
704,Jaycee VW Degreed Timing Clamp, JC-2209-0,$29.95
705,Bosch VW Spark Plug Wire Sets, 98-9986-B,$23.69
706,Ultra Premium Stock VW Spark Plug Wires, 98-9925-B,$25.99
707,Taylor Spiro Pro 409 VW Race Spark Plug Wire Sets, 00-9393,$49.99
708,90 Degree Megavolt VW Spark Plug Wire Sets, B352020,$22.99
709,90 Degree VW Suppressed Spark Plug Wire Sets, 00-9389,$24.99
710,Stock VW Spark Plug Wire Set, 00-9314,$11.69
711,Empi 7mm VW Spark Plug Wire Sets, 00-9400,$18.99
712,Stock Style VW Distributor Clamps, 00-8910,$2.79
713,Standard Billet VW Distributor Clamp, 00-8912,$26.99
714,Billet VW Distributor Clamps, 17-2925,$27.99
715,Vintage Style Cast Steel VW Distributor, 00-9471-B,$114.99
716,Empi Chrome Vacuum Advance VW Distributor, 00-9440-B,$75.99
717,Empi Centrifugal Advance VW Distributors, 00-9431-B,$57.99
718,Empi Electronic All In One Single Vacuum Advance VW Distributor, 00-9439-B,$94.99
719,14mm VW Style Lug Bolt With 17mm Head And Ball Seat, 70-2863,$10.95
720,1776cc or 1915cc Turnkey VW Engine, AE1776TK10011,"$8,085.00"
721,2007cc or 2028cc Turnkey VW Engine, AE2007TK100.1,"$9,085.00"
722,2110cc Turnkey VW Engine, AE2110TK100,"$9,178.00"
723,2276cc Turnkey VW Engine, AE2276TKFK7044.4,"$9,750.00"
724,4 Puck VW Racing Clutch Disc, 00-4091,$82.99
725,VW Alternators For Bug And Bus, 00-9445-7,$119.99
726,Jaycee VW Billet Jackstand VW Alternator Stand, JC-4495-0,$199.95
727,VW Bug And Bus Alternator Conversion Kit, 00-9445,$155.99
728,Chrome 75 Amp VW Bug Alternator Kits, 00-9451,$229.99
729,Genuine Bosch VW Alternators, 00-9444-1,$269.99
730,VW Alternator Stands, 00-8991,$31.99
731,VW Cooling Fans, 98-2006,$74.99
732,VW Bug Alternator/ Generator Straps, 00-8903,$4.89
733,Genuine Bosch VW Generator And Voltage Regulator, 98-9031-B,$199.99
734,Empi Performance 12 Volt VW Starter, 98-9114-B,$114.99
735,Genuine Bosch VW Starters, 98-9112-B,$299.99
736,Compu-Fire High Output 12 Volt VW Starters, 17-2957,$329.99
737,Stainless Steel VW Generator Cover, 00-9036,$7.59
738,Bosch VW Generator Brushes, 98-8702-B,$3.69
739,VW Starter Adapter Bushings And Bolt, 00-4027,$4.49
740,Jaycee VW Drag Race Alternator Kit, JC-2175-0,$599.00
741,Jaycee VW Racing Alternator/ Crank Trigger, JC-2169-0,$999.00
742,VW Braided Battery Straps, 00-9467,$10.49
743,VW Alternator And Generator Backing Plate Kits, 00-9056,$11.99
744,VW Cooling Fan Hardware Kit, 00-8898,$11.99
745,VW Carb Spacers for Alternator Conversions, 00-3245,$14.99
746,14mm VW Style Lug Bolt With 17mm Head And Ball Seat, 70-2863,$10.95
747,1776cc or 1915cc Turnkey VW Engine, AE1776TK10011,"$8,085.00"
748,2007cc or 2028cc Turnkey VW Engine, AE2007TK100.1,"$9,085.00"
749,2110cc Turnkey VW Engine, AE2110TK100,"$9,178.00"
750,2276cc Turnkey VW Engine, AE2276TKFK7044.4,"$9,750.00"
751,4 Puck VW Racing Clutch Disc, 00-4091,$82.99
752,VW Spark Plug Wire Separator Kits, 00-8747,$4.99
753,NGK VW Spark Plugs, 98-9937-B,$3.79
754,Genuine Bosch VW Spark Plugs, 98-9931-B,$2.79
755,Bosch VW Spark Plug Wire Sets, 98-9986-B,$23.69
756,Ultra Premium Stock VW Spark Plug Wires, 98-9925-B,$25.99
757,Taylor Spiro Pro 409 VW Race Spark Plug Wire Sets, 00-9393,$49.99
758,90 Degree Megavolt VW Spark Plug Wire Sets, B352020,$22.99
759,90 Degree VW Suppressed Spark Plug Wire Sets, 00-9389,$24.99
760,Stock VW Spark Plug Wire Set, 00-9314,$11.69
761,Empi 7mm VW Spark Plug Wire Sets, 00-9400,$18.99
762,14mm VW Style Lug Bolt With 17mm Head And Ball Seat, 70-2863,$10.95
763,1776cc or 1915cc Turnkey VW Engine, AE1776TK10011,"$8,085.00"
764,2007cc or 2028cc Turnkey VW Engine, AE2007TK100.1,"$9,085.00"
765,2110cc Turnkey VW Engine, AE2110TK100,"$9,178.00"
766,2276cc Turnkey VW Engine, AE2276TKFK7044.4,"$9,750.00"
767,4 Puck VW Racing Clutch Disc, 00-4091,$82.99
768,Compufire VW Electronic Ignition Kits, 00-9421,$124.99
769,Compufire DIS VW Ignition System, 00-9419,$369.99
770,Pertronix Ignitor VW Electronic Ignition, 17-2985,$119.99
771,Empi Accu-Fire VW Electronic Ignition Kit, 00-9432,$39.99
772,14mm VW Style Lug Bolt With 17mm Head And Ball Seat, 70-2863,$10.95
773,1776cc or 1915cc Turnkey VW Engine, AE1776TK10011,"$8,085.00"
774,2007cc or 2028cc Turnkey VW Engine, AE2007TK100.1,"$9,085.00"
775,2110cc Turnkey VW Engine, AE2110TK100,"$9,178.00"
776,2276cc Turnkey VW Engine, AE2276TKFK7044.4,"$9,750.00"
777,4 Puck VW Racing Clutch Disc, 00-4091,$82.99
778,Jaycee VW Universal Billet Coil Clamp, JC-2197-0,$34.95
779,Jaycee VW Dual Coil Clamp, JC-2193-0,$48.95
780,Stainless Steel VW Coil Cover Kit, 00-9064,$5.49
781,"Empi High Output 16,000 Volt VW Coil", 17-2956,$34.99
782,VW High Output Coils, 00-9408-B,$69.99
783,Compu-Fire High Output VW Coil, 17-2959,$64.99
784,Empi Billet VW Fuel Pump Block-off Coil Mount, 17-2926,$39.95
785,14mm VW Style Lug Bolt With 17mm Head And Ball Seat, 70-2863,$10.95
786,1776cc or 1915cc Turnkey VW Engine, AE1776TK10011,"$8,085.00"
787,2007cc or 2028cc Turnkey VW Engine, AE2007TK100.1,"$9,085.00"
788,2110cc Turnkey VW Engine, AE2110TK100,"$9,178.00"
789,2276cc Turnkey VW Engine, AE2276TKFK7044.4,"$9,750.00"
790,4 Puck VW Racing Clutch Disc, 00-4091,$82.99
791,VW Distributor Shaft O-Ring, 98-9021-B,$0.49
792,Replacement Bosch 009 VW Rotor, 00-9436,$13.49
793,Replacement Bosch 009 VW Distributor Cap, 00-9435,$19.99
794,Replacement Bosch 009 VW Condenser, 00-9434,$12.19
795,Replacement Points For Bosch 009 Distributor, 00-9433,$10.59
796,Transparent VW Distributor Caps, 00-8790,$7.95
797,Billet Aluminum VW Distributor Cover, 16-9545,$52.99
798,Waterproof VW Ignition Kits, 00-9315,$6.79
799,Bosch RPM Limiting VW Distributor Rotors, 98-9605,$68.99
800,Replacement Rotor For Empi VW Distributor, 16-9436,$5.69
801,Empi Replacment VW Distributor Cap, 16-9435,$6.99
802,Replacement Condenser For Empi VW Distributors, 16-9434,$7.49
803,Replacement Points For Empi VW Distributors, 16-9433,$4.89
804,VW Oil Pressure Switch, 98-9190,$2.49
805,14mm VW Style Lug Bolt With 17mm Head And Ball Seat, 70-2863,$10.95
806,1776cc or 1915cc Turnkey VW Engine, AE1776TK10011,"$8,085.00"
807,2007cc or 2028cc Turnkey VW Engine, AE2007TK100.1,"$9,085.00"
808,2110cc Turnkey VW Engine, AE2110TK100,"$9,178.00"
809,2276cc Turnkey VW Engine, AE2276TKFK7044.4,"$9,750.00"
810,4 Puck VW Racing Clutch Disc, 00-4091,$82.99
811,14mm VW Style Lug Bolt With 17mm Head And Ball Seat, 70-2863,$10.95
812,1776cc or 1915cc Turnkey VW Engine, AE1776TK10011,"$8,085.00"
813,2007cc or 2028cc Turnkey VW Engine, AE2007TK100.1,"$9,085.00"
814,2110cc Turnkey VW Engine, AE2110TK100,"$9,178.00"
815,2276cc Turnkey VW Engine, AE2276TKFK7044.4,"$9,750.00"
816,4 Puck VW Racing Clutch Disc, 00-4091,$82.99
817,VW Type 3 And 4 EPC/ICT Air Cleaners, 00-9128,$24.06
818,Type 3 VW Chrome Air Cleaners, 00-9127,$27.93
819,Offroad VW Air Cleaners, 00-9000,$44.73
820,VW Chrome Mini Air Filter, 00-9012,$11.67
821,VW Chrome Louvered Air Cleaner, 00-8674,$18.13
822,VW Round Chrome Air Cleaners, 00-9183,$14.00
823,VW Pod Style Gauze Air Cleaner, 00-9002,$12.32
824,VW Rubber Flange Gauze Air Cleaner, 17-2976,$14.08
825,VW Round Chrome Air Cleaners, 00-9076,$12.25
826,Empi VW Chrome Air Cleaners, 00-8714,$29.33
827,Empi Die Cast VW HPMX/IDF/D Series Air Cleaners, 43-6018,$79.99
828,Empi VW IDA Air Cleaners, 43-6012,$94.99
829,Empi King Kong HPMX/IDF/D Series Air Cleaners, 43-6006,$73.99
830,Low Profile Chrome VW Air Cleaner, 17-2981,$19.99
831,VW Crank Case Breather Filters, 00-9053,$7.39
832,14mm VW Style Lug Bolt With 17mm Head And Ball Seat, 70-2863,$10.95
833,1776cc or 1915cc Turnkey VW Engine, AE1776TK10011,"$8,085.00"
834,2007cc or 2028cc Turnkey VW Engine, AE2007TK100.1,"$9,085.00"
835,2110cc Turnkey VW Engine, AE2110TK100,"$9,178.00"
836,2276cc Turnkey VW Engine, AE2276TKFK7044.4,"$9,750.00"
837,4 Puck VW Racing Clutch Disc, 00-4091,$82.99
838,Empi Dual HPMX VW Carburetor Kits, 47-7317,$642.99
839,Empi Deluxe Dual HPMX VW Carburetor Kit With Billet Air Cleaners, 47-9317,$764.99
840,Empi Ultra Dual HPMX VW Offset Manifold Carburetor Kits, 47-7335,$749.99
841,Empi HPMX VW Single Carburetor Kit, 47-7315,$409.99
842,Empi HPMX VW Carburetors, 47-1010,$289.99
843,Jaycee VW 48 Special Dual Carburator Kit, JC-5000-0,"$1,695.00"
844,Empi Dual D VW Carburetor Kit, 44-1027,$881.95
845,Empi Dual D VW Type 3 Carburetor Kit, 44-1033,$923.99
846,Empi D Single Carb Kit for VW Type 1, 44-1025,$569.99
847,Empi D Series VW Carburetors, 44-1036-0,$409.95
848,Empi Dual EPC 34 VW Carbs Kits, 47-7401,$399.99
849,Empi Deluxe Dual 34 EPC VW Carb Kit, 47-7421,$449.95
850,Empi EPC 48/51 VW Carburetor Kits, 47-7328,"$1,009.99"
851,Empi Dual 48/51 EPC Short Manifold VW Dual Carb Kits, 47-0636,"$1,063.99"
852,Empi Dual 48/51 EPC Street Sleeper VW Dual Carb Kits, 47-0630,"$1,063.99"
853,Empi EPC 32/36F Progressive VW Carburetor Kits, 47-0622,$349.99
854,Empi 38 EGAS VW Single Carburetor Kit, 47-0628,$389.99
855,Empi Type 4 Dual D VW Carburetor Kits, 44-1031,$951.99
856,Weber VW Carburetors, 43-1010,$429.99
857,Weber 48 IDA VW Dual Carburetor Kits, 43-7328,"$1,359.99"
858,Weber Dual IDF VW Carburetor Kits, 43-7317,$899.99
859,Weber Deluxe IDF VW Carburetor Kits, 43-9317,$999.99
860,Weber IDF Single VW Carburetor Kit, 43-7315,$589.99
861,Weber IDF Type 3 VW Carburetor Kits, 43-7341,$979.99
862,14mm VW Style Lug Bolt With 17mm Head And Ball Seat, 70-2863,$10.95
863,1776cc or 1915cc Turnkey VW Engine, AE1776TK10011,"$8,085.00"
864,2007cc or 2028cc Turnkey VW Engine, AE2007TK100.1,"$9,085.00"
865,2110cc Turnkey VW Engine, AE2110TK100,"$9,178.00"
866,2276cc Turnkey VW Engine, AE2276TKFK7044.4,"$9,750.00"
867,4 Puck VW Racing Clutch Disc, 00-4091,$82.99
868,Jaycee VW Billet IDF Choke Plates, JC-2283-0,$16.95
869,14mm VW Style Lug Bolt With 17mm Head And Ball Seat, 70-2863,$10.95
870,1776cc or 1915cc Turnkey VW Engine, AE1776TK10011,"$8,085.00"
871,2007cc or 2028cc Turnkey VW Engine, AE2007TK100.1,"$9,085.00"
872,2110cc Turnkey VW Engine, AE2110TK100,"$9,178.00"
873,2276cc Turnkey VW Engine, AE2276TKFK7044.4,"$9,750.00"
874,4 Puck VW Racing Clutch Disc, 00-4091,$82.99
875,Jaycee VW Pro Fuel Inlets, JC-4462-0,$44.95
876,14mm VW Style Lug Bolt With 17mm Head And Ball Seat, 70-2863,$10.95
877,1776cc or 1915cc Turnkey VW Engine, AE1776TK10011,"$8,085.00"
878,2007cc or 2028cc Turnkey VW Engine, AE2007TK100.1,"$9,085.00"
879,2110cc Turnkey VW Engine, AE2110TK100,"$9,178.00"
880,2276cc Turnkey VW Engine, AE2276TKFK7044.4,"$9,750.00"
881,4 Puck VW Racing Clutch Disc, 00-4091,$82.99
882,Jaycee VW Fuel Pump Block Off AN8/AN10, JC-2237-0,$29.95
883,Jaycee VW Low Profile Fuel Pump Block Off, JC-2229-0,$24.95
884,Jaycee VW Fuel Pump Block Off With Breather, JC-2233-0,$29.95
885,Empi Billet VW Fuel Pump Block-off Coil Mount, 17-2926,$39.95
886,Empi Billet Vented VW Fuel Pump Block Off, 17-2927,$19.99
887,Empi Billet VW Fuel Pump Block Off, 31-3011,$14.99
888,14mm VW Style Lug Bolt With 17mm Head And Ball Seat, 70-2863,$10.95
889,1776cc or 1915cc Turnkey VW Engine, AE1776TK10011,"$8,085.00"
890,2007cc or 2028cc Turnkey VW Engine, AE2007TK100.1,"$9,085.00"
891,2110cc Turnkey VW Engine, AE2110TK100,"$9,178.00"
892,2276cc Turnkey VW Engine, AE2276TKFK7044.4,"$9,750.00"
893,4 Puck VW Racing Clutch Disc, 00-4091,$82.99
894,14mm VW Style Lug Bolt With 17mm Head And Ball Seat, 70-2863,$10.95
895,1776cc or 1915cc Turnkey VW Engine, AE1776TK10011,"$8,085.00"
896,2007cc or 2028cc Turnkey VW Engine, AE2007TK100.1,"$9,085.00"
897,2110cc Turnkey VW Engine, AE2110TK100,"$9,178.00"
898,2276cc Turnkey VW Engine, AE2276TKFK7044.4,"$9,750.00"
899,4 Puck VW Racing Clutch Disc, 00-4091,$82.99
900,Jaycee VW 48 IDA Stainless Return Spring Kit, JC-4329-0,$12.95
901,Jaycee VW 51.5 Weber IDA Conversion Kit, JC-4327-0,$99.95
902,Jaycee VW Pro Fuel Inlets, JC-4462-0,$44.95
903,Jaycee VW IDA Jet Deflectors, JC-4322-0,$28.95
904,Jaycee VW 48 IDA VW Carb Stainless Allen Hardware Kit, JC-4309-0,$9.95
905,Jaycee VW 3.2 Glass Ball Needle Valve, JC-4307-0,$28.00
906,Jaycee VW 48IDA/EPC Carb Billet Top, JC-4476-0,$159.95
907,Jaycee VW Accelerator Cam For 48 IDA, JC-4303-0,$29.95
908,Jaycee VW IDA Throttle Shaft, JC-4301-0,$90.00
909,Jaycee VW Replacement Bearing for 48 IDA Carburetors, JC-4300-0,$12.00
910,Jaycee VW Billet IDF Choke Plates, JC-2283-0,$16.95
911,Empi Replacement VW Jet Kit for Kadron/Solex/Brosol/Empi Carburetors, 43-5001,$349.99
912,14mm VW Style Lug Bolt With 17mm Head And Ball Seat, 70-2863,$10.95
913,1776cc or 1915cc Turnkey VW Engine, AE1776TK10011,"$8,085.00"
914,2007cc or 2028cc Turnkey VW Engine, AE2007TK100.1,"$9,085.00"
915,2110cc Turnkey VW Engine, AE2110TK100,"$9,178.00"
916,2276cc Turnkey VW Engine, AE2276TKFK7044.4,"$9,750.00"
917,4 Puck VW Racing Clutch Disc, 00-4091,$82.99
918,Empi As Cast Match Ported VW Short Intake Manifolds for IDA/EPC, 45-1028,$179.99
919,Empi As Cast Match Ported VW Tall Intake Manifolds for IDA/EPC, 45-1031,$179.99
920,Empi 48/51 IDA/EPC VW Short Intake Manifolds, 47-0631,$169.99
921,Empi 48/51 EPC/IDA Tall VW Intake Manifolds, 43-5214,$139.99
922,Empi As Cast Match Ported VW Offset Intake Manifolds for HPMX, 45-1025,$179.95
923,Empi As Cast Match Ported VW Intake Manifolds With NOS Boss For HPMX Carbs, 45-1034,$179.95
924,Empi CNC Machined Match Ported VW Short Intake Manifolds, 43-1028,$269.95
925,Empi CNC Machined Tall VW Match Ported Intake Manifolds, 43-1031,$259.95
926,Empi CNC Machined Stage 1 Match Ported Offset VW Intake Manifolds, 43-1025,$249.95
927,Empi CNC Machined Tall VW Match Ported Intake Manifolds, 43-1034,$289.95
928,Empi Hex Bar Dual Carburetor VW Linkage Kits, 43-5223,$119.99
929,Empi EPC/ Weber 48 IDA Dual VW Carburetor Linkage Kits, 43-5240,$109.99
930,Empi Dual 34 EPC/ICT Tall VW Intake Manifolds, 43-5216,$149.99
931,VW Engine Intake and Exhaust Nuts, 17-2983,$5.95
932,"Empi L5,L6,L7, &D7000 CNC Match Ported VW Intake Manifold Gaskets", 00-3265,$5.99
933,VW Dual Carburator Universal Twist Style Linkage Kit, 17-2945,$97.99
934,VW Hexbar Linkage Needle Bearing Conversion Kit, 44-1127,$69.99
935,VW Tall HPMX/IDF Nitrous Intake Manifolds, 18-1061,$174.99
936,Jaycee VW 48 IDA Dual Vibration Isolators, JC-2240-0,$54.95
937,Jaycee VW Jackstand Street Linkage Upgrade, JC-4501-0,$49.95
938,Jaycee VW Polished Shorty 8 IDA/EPC Manifolds, JC-5369-0,$379.95
939,Jaycee VW Billet Street Carb Linkage For IDA, JC-4360-0,$249.95
940,14mm VW Style Lug Bolt With 17mm Head And Ball Seat, 70-2863,$10.95
941,1776cc or 1915cc Turnkey VW Engine, AE1776TK10011,"$8,085.00"
942,2007cc or 2028cc Turnkey VW Engine, AE2007TK100.1,"$9,085.00"
943,2110cc Turnkey VW Engine, AE2110TK100,"$9,178.00"
944,2276cc Turnkey VW Engine, AE2276TKFK7044.4,"$9,750.00"
945,4 Puck VW Racing Clutch Disc, 00-4091,$82.99
946,14mm VW Style Lug Bolt With 17mm Head And Ball Seat, 70-2863,$10.95
947,1776cc or 1915cc Turnkey VW Engine, AE1776TK10011,"$8,085.00"
948,2007cc or 2028cc Turnkey VW Engine, AE2007TK100.1,"$9,085.00"
949,2110cc Turnkey VW Engine, AE2110TK100,"$9,178.00"
950,2276cc Turnkey VW Engine, AE2276TKFK7044.4,"$9,750.00"
951,4 Puck VW Racing Clutch Disc, 00-4091,$82.99
952,Jaycee VW 48 Special Dual Carburator Kit, JC-5000-0,"$1,695.00"
953,Jaycee VW Billet Jackstand VW Alternator Stand, JC-4495-0,$199.95
954,Jaycee Billet VW Valve Covers, JC-2218-0,$399.95
955,Jaycee VW Billet VW Alternator Pulley, JC-8600-0,$99.95
956,Jaycee VW Billet 7 Inch Street Pulley, JC-8604-0,$150.95
957,Jaycee VW Billet 6 Inch Street Power Pulley, JC-8608-0,$136.95
958,Jaycee VW Billet 5 1/4 Inch Street Power Pulley, JC-8612-0,$123.95
959,Jaycee VW Drag Pulley, JC-8616-0,$99.95
960,Jaycee VW Broached Pulley Bolt With Billet Hat, JC-8626-0,$58.95
961,Jaycee Leakproof VW Pushrod Tubes, JC-9101-0,$97.95
962,Jaycee VW Single Leak Proof Push Rod Tube, JC-9107-0,$14.95
963,Jaycee VW Billet VW Cam Plug, JC-2286-0,$14.95
964,Jaycee Billet VW Timing Pointer, JC-2203-0,$34.95
965,Jaycee VW Low Profile Fuel Pump Block Off, JC-2229-0,$24.95
966,Jaycee VW Fuel Pump Block Off With Breather, JC-2233-0,$29.95
967,Jaycee VW Crank Trigger Sensor Bracket, JC-2269-0,$55.00
968,Jaycee VW Billet VW Mag Clamp, JC-2185-0,$119.95
969,Jaycee VW Universal Block Off Plate, JC-2300-0,$24.99
970,Jaycee VW Fuel Pump Block Off AN8/AN10, JC-2237-0,$29.95
971,Jaycee VW Billet Decklid Stand Off, JC-2214-0,$58.95
972,Jaycee VW Billet Sand Seal Pulley Hub, JC-8624-0,$58.95
973,Jaycee VW Flanged Stainless Nuts, JC-2163-0,$12.95
974,Jaycee VW Type 4 Adapter Bearing, JC-2159-0,$54.95
975,Jaycee VW Weld In Bungs, JC-2152-0,$3.00
976,14mm VW Style Lug Bolt With 17mm Head And Ball Seat, 70-2863,$10.95
977,1776cc or 1915cc Turnkey VW Engine, AE1776TK10011,"$8,085.00"
978,2007cc or 2028cc Turnkey VW Engine, AE2007TK100.1,"$9,085.00"
979,2110cc Turnkey VW Engine, AE2110TK100,"$9,178.00"
980,2276cc Turnkey VW Engine, AE2276TKFK7044.4,"$9,750.00"
981,4 Puck VW Racing Clutch Disc, 00-4091,$82.99
982,Empi Desert Dueler VW Exhaust, 00-3786,$229.99
983,Big Engine VW Off Road Exhaust, 00-3471,$189.99
984,Off Road VW Competition Exhaust With Dual Mufflers, 00-3480,$329.99
985,Side Exit VW Off Road Merged Exhaust, 00-3470,$149.99
986,Low Dual Zoom VW Exhaust System, 18-1048,$269.99
987,Empi Stainless Steel VW 4 Pipe Stinger Exhaust, 18-1047,$309.99
988,Stainless Steel Off Road VW Competition Exhaust Systems, 56-3752,$510.99
989,Empi VW Spark Arrestors, 00-3734,$55.99
990,Off Road Competition VW Exhaust System With Stainless Steel Muffler, 00-3750,$299.99
991,Empi Off Road Competition VW Exhaust Systems, 00-3455,$129.99
992,VW Baja Off Road Exhaust Systems, 00-3368,$179.99
993,Dual Racing VW Exhaust System, 00-3708,$149.99
994,Stainless Steel Dual Racing VW Exhaust System, 56-3709,$349.99
995,VW Buggy Dual Exhaust, 00-3373,$149.99
996,Dual VW Exhaust System, 00-3376,$129.99
997,Empi Revolver VW Wheels, 10-1115,$149.95
998,Race Trim VW Baja Bug Off Road Wheels, 00-9761,$169.95
999,VW Race Trim Bead-Lock Wheels, 00-9764-1,$239.95
1000,VW Race Trim Bead-Lock Rings, 00-9769,$90.95
1001,VW Race Trim Bead-Lock wheel Hardware, 00-9782,$5.99
1002,"Empi 3"" Billet Aluminum VW Wheel Spacers", 00-9485,$149.95
1003,Empi Off Road VW Breather, 00-8540,$45.99
1004,VW Oil Suction Kit, 16-9521,$45.99
1005,Empi Off Road VW Billet Breather, 16-2049,$85.99
1006,14mm VW Style Lug Bolt With 17mm Head And Ball Seat, 70-2863,$10.95
1007,1776cc or 1915cc Turnkey VW Engine, AE1776TK10011,"$8,085.00"
1008,2007cc or 2028cc Turnkey VW Engine, AE2007TK100.1,"$9,085.00"
1009,2110cc Turnkey VW Engine, AE2110TK100,"$9,178.00"
1010,2276cc Turnkey VW Engine, AE2276TKFK7044.4,"$9,750.00"
1011,4 Puck VW Racing Clutch Disc, 00-4091,$82.99
1012,14mm VW Style Lug Bolt With 17mm Head And Ball Seat, 70-2863,$10.95
1013,1776cc or 1915cc Turnkey VW Engine, AE1776TK10011,"$8,085.00"
1014,2007cc or 2028cc Turnkey VW Engine, AE2007TK100.1,"$9,085.00"
1015,2110cc Turnkey VW Engine, AE2110TK100,"$9,178.00"
1016,2276cc Turnkey VW Engine, AE2276TKFK7044.4,"$9,750.00"
1017,4 Puck VW Racing Clutch Disc, 00-4091,$82.99
1018,Empi High Capacity 1.5 Quart VW Oil Sump, 00-9142,$82.99
1019,Empi Super Capacity 3.5 Quart VW Oil Sump, 00-9143,$159.99
1020,Empi Narrow 1 Quart VW Oil Sump Kit, 17-2880,$118.99
1021,Empi VW 1 Quart Narrow Oil Sump With Filter, 17-2871,$139.99
1022,Mini VW Sump With Filter Kit, 17-2872,$49.99
1023,Mini VW Oil Sump Kit, 16-9520,$42.99
1024,VW Oil Suction Kit, 16-9521,$45.99
1025,VW Oil Screen Kit, 00-9923,$7.59
1026,Billet VW Oil Sump Plate, 16-8964,$29.99
1027,VW Oil Sump Plate, 00-8964,$8.99
1028,Chrome VW Magnetic Oil Drain Plug, 00-8856,$3.59
1029,VW Oil System Fittings and Clamps, 00-9205,$9.99
1030,Hex Head VW Oil Relief Spring Plug Kit, 16-9527,$7.99
1031,14mm VW Style Lug Bolt With 17mm Head And Ball Seat, 70-2863,$10.95
1032,1776cc or 1915cc Turnkey VW Engine, AE1776TK10011,"$8,085.00"
1033,2007cc or 2028cc Turnkey VW Engine, AE2007TK100.1,"$9,085.00"
1034,2110cc Turnkey VW Engine, AE2110TK100,"$9,178.00"
1035,2276cc Turnkey VW Engine, AE2276TKFK7044.4,"$9,750.00"
1036,4 Puck VW Racing Clutch Disc, 00-4091,$82.99
1037,Stock Style VW Heavy Duty Oil Pumps, 98-1158-B,$33.99
1038,Schadek VW Oil Pumps, 98-1120-B,$33.99
1039,Stock VW Style Oil Pump Cover, 00-9148-7,$3.99
1040,Melling Heavy Duty VW Oil Pump, 31-2955,$129.95
1041,Empi Heavy Duty VW Oil Pumps, 31-2935,$45.99
1042,HD Cast Iron Full Flow VW Pump Kit, 16-9714,$59.99
1043,HD Aluminum Full Flow VW Oil Pump Kits, 16-9716,$65.99
1044,VW Filter Flow Oil Pump, 16-9702,$62.99
1045,Empi Full Flow VW Filter Pumps, 00-9206,$79.99
1046,Empi Full Flow Remote VW Filter Kit, 00-9252,$125.99
1047,VW Full Flow Oil Pump Covers, 00-9226,$11.99
1048,Billet Aluminum VW Oil Pump Cover, 17-2947,$32.99
1049,Empi Billet Aluminum VW Oil Pump Covers, 31-2942,$32.99
1050,VW Engine Threaded Oil Galley Plug Kit, 16-9515,$9.99
1051,VW Oil Pump Gaskets, 98-1164-B,$0.55
1052,Hex Head VW Oil Relief Spring Plug Kit, 16-9527,$7.99
1053,VW Oil System Fittings and Clamps, 00-9205,$9.99
1054,VW Oil Pressure Booster Kit, 00-9201,$2.90
1055,High Temp High Pressure VW Oil Line Hose, 00-9209,$12.99
1056,VW Braided Stainless Oil Line, 00-8815,$22.99
1057,14mm VW Style Lug Bolt With 17mm Head And Ball Seat, 70-2863,$10.95
1058,1776cc or 1915cc Turnkey VW Engine, AE1776TK10011,"$8,085.00"
1059,2007cc or 2028cc Turnkey VW Engine, AE2007TK100.1,"$9,085.00"
1060,2110cc Turnkey VW Engine, AE2110TK100,"$9,178.00"
1061,2276cc Turnkey VW Engine, AE2276TKFK7044.4,"$9,750.00"
1062,4 Puck VW Racing Clutch Disc, 00-4091,$82.99
1063,Empi Competition VW Engine Oll Cooler, 00-9267,$99.99
1064,Competition VW Oil Cooler Kits, 00-9261,$159.99
1065,Empi Universal Competition VW Oil Cooler Kits, 00-9262,$179.95
1066,Empi High Performance 8 Pass VW Oil Cooler Kits, 00-9221,$95.99
1067,Empi High Performance VW 6 Pass Oil Cooler Kits, 00-9276,$75.99
1068,Empi Bolt On VW Oil CoolerFan Kit, 00-9248,$259.99
1069,Empi Universal 8 Pass VW Oil Cooler Kits, 00-9291,$125.99
1070,Empi VW Oil Cooler Mounting Dampers, 00-9259,$9.99
1071,Empi Competition Oil Cooler and VW Fan Kit, 00-9292,$149.99
1072,High  Performance VW Fan and Cooler Kit, 00-9290,$289.99
1073,Empi VW Oil Cooler Replacement Fan, 00-9296,$59.99
1074,Empi VW Fan Thermostat, 33-5721,$29.99
1075,Stock VW Replacement Oil Cooler, 98-1178-B,$109.99
1076,VW Doghouse Oil Cooler Adapter, 00-8894,$32.99
1077,VW Dual Bypass Oil Cooler Adapter, 17-2873,$49.99
1078,VW Oil Cooler Seals and Bypass Seals, 00-9255,$3.25
1079,VW Oil Cooler Bypass, 00-9203,$11.99
1080,Billet Aluminum VW Oil Cooler Block Off, 17-2946,$31.99
1081,VW Oil Cooler Block Off, 00-9146,$21.99
1082,VW Oil Thermostat, 33-5010,$75.99
1083,VW Oil Pressure Booster Kit, 00-9201,$2.90
1084,VW Oil Pressure Switch, 98-9190,$2.49
1085,High Temp High Pressure VW Oil Line Hose, 00-9209,$12.99
1086,VW Braided Stainless Oil Line, 00-8815,$22.99
1087,14mm VW Style Lug Bolt With 17mm Head And Ball Seat, 70-2863,$10.95
1088,1776cc or 1915cc Turnkey VW Engine, AE1776TK10011,"$8,085.00"
1089,2007cc or 2028cc Turnkey VW Engine, AE2007TK100.1,"$9,085.00"
1090,2110cc Turnkey VW Engine, AE2110TK100,"$9,178.00"
1091,2276cc Turnkey VW Engine, AE2276TKFK7044.4,"$9,750.00"
1092,4 Puck VW Racing Clutch Disc, 00-4091,$82.99
1093,VW Oil Thermostat, 33-5010,$75.99
1094,Empi VW Fan Thermostat, 33-5721,$29.99
1095,14mm VW Style Lug Bolt With 17mm Head And Ball Seat, 70-2863,$10.95
1096,1776cc or 1915cc Turnkey VW Engine, AE1776TK10011,"$8,085.00"
1097,2007cc or 2028cc Turnkey VW Engine, AE2007TK100.1,"$9,085.00"
1098,2110cc Turnkey VW Engine, AE2110TK100,"$9,178.00"
1099,2276cc Turnkey VW Engine, AE2276TKFK7044.4,"$9,750.00"
1100,4 Puck VW Racing Clutch Disc, 00-4091,$82.99
1101,Empi Bolt On VW Oil CoolerFan Kit, 00-9248,$259.99
1102,High  Performance VW Fan and Cooler Kit, 00-9290,$289.99
1103,Empi VW Fan Thermostat, 33-5721,$29.99
1104,Empi VW Oil Cooler Replacement Fan, 00-9296,$59.99
1105,Empi Competition Oil Cooler and VW Fan Kit, 00-9292,$149.99
1106,Empi VW Oil Cooler Mounting Dampers, 00-9259,$9.99
1107,14mm VW Style Lug Bolt With 17mm Head And Ball Seat, 70-2863,$10.95
1108,1776cc or 1915cc Turnkey VW Engine, AE1776TK10011,"$8,085.00"
1109,2007cc or 2028cc Turnkey VW Engine, AE2007TK100.1,"$9,085.00"
1110,2110cc Turnkey VW Engine, AE2110TK100,"$9,178.00"
1111,2276cc Turnkey VW Engine, AE2276TKFK7044.4,"$9,750.00"
1112,4 Puck VW Racing Clutch Disc, 00-4091,$82.99
1113,Fram VW Oil Filters, 17-2920,$8.99
1114,Empi High Pressure VW Oil Filters, 00-9250,$14.99
1115,Billet Full Flow VW Hose Brackets, 17-2809,$39.99
1116,Remote VW Oil Filter Mounts, 16-8240,$21.99
1117,VW Oil Filter Adapters, 00-9244,$12.99
1118,VW Dual Bypass Oil Cooler Adapter, 17-2873,$49.99
1119,Mini VW Sump With Filter Kit, 17-2872,$49.99
1120,Billet VW Oil Filter Adapter, 16-9513,$69.99
1121,VW Oil Suction Kit, 16-9521,$45.99
1122,Empi Full Flow Remote VW Filter Kit, 00-9252,$125.99
1123,VW Filter Flow Oil Pump, 16-9702,$62.99
1124,Empi Full Flow VW Filter Pumps, 00-9206,$79.99
1125,VW Engine Threaded Oil Galley Plug Kit, 16-9515,$9.99
1126,VW Oil System Fittings and Clamps, 00-9205,$9.99
1127,VW Oil Pressure Booster Kit, 00-9201,$2.90
1128,High Temp High Pressure VW Oil Line Hose, 00-9209,$12.99
1129,VW Braided Stainless Oil Line, 00-8815,$22.99
1130,Jaycee VW Weld In Bungs, JC-2152-0,$3.00
1131,14mm VW Style Lug Bolt With 17mm Head And Ball Seat, 70-2863,$10.95
1132,1776cc or 1915cc Turnkey VW Engine, AE1776TK10011,"$8,085.00"
1133,2007cc or 2028cc Turnkey VW Engine, AE2007TK100.1,"$9,085.00"
1134,2110cc Turnkey VW Engine, AE2110TK100,"$9,178.00"
1135,2276cc Turnkey VW Engine, AE2276TKFK7044.4,"$9,750.00"
1136,4 Puck VW Racing Clutch Disc, 00-4091,$82.99
1137,VW Oil Filter Adapters, 00-9244,$12.99
1138,Remote VW Oil Filter Mounts, 16-8240,$21.99
1139,Billet Full Flow VW Hose Brackets, 17-2809,$39.99
1140,14mm VW Style Lug Bolt With 17mm Head And Ball Seat, 70-2863,$10.95
1141,1776cc or 1915cc Turnkey VW Engine, AE1776TK10011,"$8,085.00"
1142,2007cc or 2028cc Turnkey VW Engine, AE2007TK100.1,"$9,085.00"
1143,2110cc Turnkey VW Engine, AE2110TK100,"$9,178.00"
1144,2276cc Turnkey VW Engine, AE2276TKFK7044.4,"$9,750.00"
1145,4 Puck VW Racing Clutch Disc, 00-4091,$82.99
1146,14mm VW Style Lug Bolt With 17mm Head And Ball Seat, 70-2863,$10.95
1147,1776cc or 1915cc Turnkey VW Engine, AE1776TK10011,"$8,085.00"
1148,2007cc or 2028cc Turnkey VW Engine, AE2007TK100.1,"$9,085.00"
1149,2110cc Turnkey VW Engine, AE2110TK100,"$9,178.00"
1150,2276cc Turnkey VW Engine, AE2276TKFK7044.4,"$9,750.00"
1151,4 Puck VW Racing Clutch Disc, 00-4091,$82.99
1152,"VW Bug, Bus And Type 3 Steering Dampers", 98-4251-B,$35.33
1153,Empi VW Baywindow Bus 68-79 Drop Spindles, 22-2948,$299.99
1154,VW Bug Type 1 Steering Box, 98-4155-B,$239.99
1155,VW Bug 2.5 Inch Drop Spindles, 22-2950,$109.99
1156,VW Bug Ball Joint Disc Brake Spindles, 22-2952,$129.99
1157,Empi VW Forged HD Bug King Pin Spindle Kit, 22-2976,$319.99
1158,14mm VW Style Lug Bolt With 17mm Head And Ball Seat, 70-2863,$10.95
1159,1776cc or 1915cc Turnkey VW Engine, AE1776TK10011,"$8,085.00"
1160,2007cc or 2028cc Turnkey VW Engine, AE2007TK100.1,"$9,085.00"
1161,2110cc Turnkey VW Engine, AE2110TK100,"$9,178.00"
1162,2276cc Turnkey VW Engine, AE2276TKFK7044.4,"$9,750.00"
1163,4 Puck VW Racing Clutch Disc, 00-4091,$82.99
1164,AVW Link Pin VW Bug/Ghia Narrowed Beams, 10-666-04,$949.99
1165,Empi 2 Inch Narrowed Adjustable VW Bug Beams, 22-2818,$339.99
1166,VW Bug Adjustable Stock Width Front Beams, 22-2812,$319.99
1167,VW Bug New Replacement Torsion Leaves, 98-4540-B,$72.99
1168,VW Bug 2.5 Inch Drop Spindles, 22-2950,$109.99
1169,VW Bug Ball Joint Disc Brake Spindles, 22-2952,$129.99
1170,Empi VW Baywindow Bus 68-79 Drop Spindles, 22-2948,$299.99
1171,Empi VW Forged HD Bug King Pin Spindle Kit, 22-2976,$319.99
1172,"Empi 3"" Billet Aluminum VW Wheel Spacers", 00-9485,$149.95
1173,KYB VW Gas Shocks For Bug, 97-1009,$35.99
1174,14mm VW Style Lug Bolt With 17mm Head And Ball Seat, 70-2863,$10.95
1175,1776cc or 1915cc Turnkey VW Engine, AE1776TK10011,"$8,085.00"
1176,2007cc or 2028cc Turnkey VW Engine, AE2007TK100.1,"$9,085.00"
1177,2110cc Turnkey VW Engine, AE2110TK100,"$9,178.00"
1178,2276cc Turnkey VW Engine, AE2276TKFK7044.4,"$9,750.00"
1179,4 Puck VW Racing Clutch Disc, 00-4091,$82.99
1180,Benco VW Transaxles, Stock Rebuild,"$1,199.95"
1181,Bugpack Swing Axle VW Transmission Super Differential, B508110,$179.99
1182,VW IRS Transmission Super Differential, B507210,$209.99
1183,Heavy Duty Swingaxle VW Side Covers, 16-9903,$56.99
1184,Heavy Duty IRS Transmission VW Side Cover, 16-9905,$59.99
1185,Empi VW Racing Transaxle Cross Shafts, 18-1041,$31.99
1186,Empi Heavy Duty VW Transmission Cross Shafts, 18-1055,$31.99
1187,Empi VW Transaxle Cross Shafts, 98-2011,$16.99
1188,VW Gearshift Housing And Gasket Set, 98-3006-B,$38.99
1189,VW Transaxle Shift Lever, 98-3015-B,$15.29
1190,VW Bus Clutch Cable Clevis Pin, 98-7081-B,$3.19
1191,Forged Clutch Cable Arms For VW Type 1/ Type 2, 16-9908,$12.29
1192,VW Clutch Operating Springs, 98-1421-B,$1.75
1193,VW Swing Axle Side Cover Retainers, 16-9906,$72.99
1194,IRS VW Transaxle Pivot Mount Bolt And Washer, 17-2826,$6.59
1195,VW Transmission Gasket Kits For Type 1/ Type 2, 98-2077,$14.89
1196,VW Transaxle Lock Nut Kit, 00-9522,$6.99
1197,VW Transaxle Oil Seal, 98-3009-B,$1.95
1198,VW Nose Cone Boot, 98-2072-B,$11.29
1199,VW Transaxle Syncho Rings, 98-8644,$14.99
1200,VW Transaxle Ring Gear Bolts, 98-5144-B,$1.49
1201,VW Transmission Carrier Mounting Bolt and Washer, 17-2828,$3.79
1202,Bolt On VW Bowden Tube Brackets, 16-9904,$5.79
1203,VW Transmission Side Cover Gasket, 98-8623-B,$0.99
1204,14mm VW Style Lug Bolt With 17mm Head And Ball Seat, 70-2863,$10.95
1205,1776cc or 1915cc Turnkey VW Engine, AE1776TK10011,"$8,085.00"
1206,2007cc or 2028cc Turnkey VW Engine, AE2007TK100.1,"$9,085.00"
1207,2110cc Turnkey VW Engine, AE2110TK100,"$9,178.00"
1208,2276cc Turnkey VW Engine, AE2276TKFK7044.4,"$9,750.00"
1209,4 Puck VW Racing Clutch Disc, 00-4091,$82.99
1210,Empi VW Chromoly Axles, 16-2202,$245.99
1211,14mm VW Style Lug Bolt With 17mm Head And Ball Seat, 70-2863,$10.95
1212,1776cc or 1915cc Turnkey VW Engine, AE1776TK10011,"$8,085.00"
1213,2007cc or 2028cc Turnkey VW Engine, AE2007TK100.1,"$9,085.00"
1214,2110cc Turnkey VW Engine, AE2110TK100,"$9,178.00"
1215,2276cc Turnkey VW Engine, AE2276TKFK7044.4,"$9,750.00"
1216,4 Puck VW Racing Clutch Disc, 00-4091,$82.99
1217,Empi Heavy Duty VW Clutch Kits, 32-1256-B,$139.99
1218,Sachs Heavy Duty VW Pressure Plates, 32-1234-B,$99.99
1219,Sachs Type 2 VW Heavy Duty Clutch Discs, 32-1265-B,$199.99
1220,Heavy Duty VW Clutch Disc, 32-1240,$23.99
1221,Kennedy VW Performance Clutches, 00-4090,$149.99
1222,Empi Performance VW Pressure Plates, 00-4080,$85.99
1223,Empi Super Duty VW 200mm Clutch Disc, 00-4085,$27.99
1224,Replacement VW Pressure Plates, 32-1241-B,$45.99
1225,Empi Kush-Lok VW Clutch Disc, 00-4096,$59.99
1226,Kush Lock 200mm VW Clutch Disc, 16-9900,$39.99
1227,6 Puck VW Racing Clutch Disc, 16-9901,$79.99
1228,4 Puck VW Racing Clutch Disc, 00-4091,$82.99
1229,Heavy Duty VW Throw Out Bearings, 32-1205,$13.99
1230,VW Replacement Clutch Bolt Set, B409020,$7.59
1231,VW Clutch Installation Kit, 32-1204,$8.99
1232,14mm VW Style Lug Bolt With 17mm Head And Ball Seat, 70-2863,$10.95
1233,1776cc or 1915cc Turnkey VW Engine, AE1776TK10011,"$8,085.00"
1234,2007cc or 2028cc Turnkey VW Engine, AE2007TK100.1,"$9,085.00"
1235,2110cc Turnkey VW Engine, AE2110TK100,"$9,178.00"
1236,2276cc Turnkey VW Engine, AE2276TKFK7044.4,"$9,750.00"
1237,4 Puck VW Racing Clutch Disc, 00-4091,$82.99
1238,VW bus Transmission Mount, 17-2537,$22.99
1239,VW Type 1 Bug Solid Transmission Mounts, 00-9518,$19.99
1240,VW transmission Center Support, 17-2536,$32.99
1241,VW Type 1 Bug Heavy Duty Solid Trans Mount Kit, 00-9530,$27.99
1242,VW Heavy Duty Rear Gear Box Cradle, 18-1106,$22.99
1243,VW Bus IRS Transmission Into Bug Kit, 00-3195,$58.99
1244,VW Type 1 Bug Transmission Support Kit, 00-9527,$79.99
1245,VW Type 1 Bug Deluxe Padded Transmission Support Kit, 00-9550,$56.99
1246,VW Padded Transmission Support Kit, 00-9541,$69.99
1247,Urethane VW Transmission Mounts, 00-9540,$27.99
1248,VW Bug Solid Steel Transmission Strap Kit, 00-9507,$45.99
1249,Late Model VW Bug Type 1 Transmission Adaptor, B651950,$81.99
1250,VW Type 1 Bug Transaxle Adapter, 00-9520,$12.59
1251,High Quality VW Stock Transmission Mounts, 98-2070-B,$9.39
1252,14mm VW Style Lug Bolt With 17mm Head And Ball Seat, 70-2863,$10.95
1253,1776cc or 1915cc Turnkey VW Engine, AE1776TK10011,"$8,085.00"
1254,2007cc or 2028cc Turnkey VW Engine, AE2007TK100.1,"$9,085.00"
1255,2110cc Turnkey VW Engine, AE2110TK100,"$9,178.00"
1256,2276cc Turnkey VW Engine, AE2276TKFK7044.4,"$9,750.00"
1257,4 Puck VW Racing Clutch Disc, 00-4091,$82.99
1258,Benco VW Transaxles, Stock Rebuild,"$1,199.95"
1259,Bugpack Swing Axle VW Transmission Super Differential, B508110,$179.99
1260,VW IRS Transmission Super Differential, B507210,$209.99
1261,Heavy Duty Swingaxle VW Side Covers, 16-9903,$56.99
1262,Heavy Duty IRS Transmission VW Side Cover, 16-9905,$59.99
1263,Empi VW Racing Transaxle Cross Shafts, 18-1041,$31.99
1264,Empi Heavy Duty VW Transmission Cross Shafts, 18-1055,$31.99
1265,Empi VW Transaxle Cross Shafts, 98-2011,$16.99
1266,VW Gearshift Housing And Gasket Set, 98-3006-B,$38.99
1267,VW Transaxle Shift Lever, 98-3015-B,$15.29
1268,VW Bus Clutch Cable Clevis Pin, 98-7081-B,$3.19
1269,Forged Clutch Cable Arms For VW Type 1/ Type 2, 16-9908,$12.29
1270,VW Clutch Operating Springs, 98-1421-B,$1.75
1271,VW Swing Axle Side Cover Retainers, 16-9906,$72.99
1272,IRS VW Transaxle Pivot Mount Bolt And Washer, 17-2826,$6.59
1273,VW Transmission Gasket Kits For Type 1/ Type 2, 98-2077,$14.89
1274,VW Transaxle Lock Nut Kit, 00-9522,$6.99
1275,VW Transaxle Oil Seal, 98-3009-B,$1.95
1276,VW Nose Cone Boot, 98-2072-B,$11.29
1277,VW Transaxle Syncho Rings, 98-8644,$14.99
1278,VW Transaxle Ring Gear Bolts, 98-5144-B,$1.49
1279,VW Transmission Carrier Mounting Bolt and Washer, 17-2828,$3.79
1280,Bolt On VW Bowden Tube Brackets, 16-9904,$5.79
1281,VW Transmission Side Cover Gasket, 98-8623-B,$0.99
1282,14mm VW Style Lug Bolt With 17mm Head And Ball Seat, 70-2863,$10.95
1283,1776cc or 1915cc Turnkey VW Engine, AE1776TK10011,"$8,085.00"
1284,2007cc or 2028cc Turnkey VW Engine, AE2007TK100.1,"$9,085.00"
1285,2110cc Turnkey VW Engine, AE2110TK100,"$9,178.00"
1286,2276cc Turnkey VW Engine, AE2276TKFK7044.4,"$9,750.00"
1287,4 Puck VW Racing Clutch Disc, 00-4091,$82.99
1288,Chrome Detailed Porsche Fuchs Wheels, CDF-102,"$1,550.00"
1289,Dove Gray Detailed Porsche Fuchs VW Wheels, DGF-101,"$1,750.99"
1290,Baywindow VW Bus 5x112 Pattern Chrome and Detailed Fuchs Wheels, BWCDF-101,"$1,650.00"
1291,Porsche Fuchs Wheels Chrome Detailed VW Center Caps, 00-9718-DET,$274.99
1292,Empi Chrome 911 Fuchs Alloy Wheels, 0,$209.99
1293,Classic 15 Inch BRM VW Wheels, 0,$119.95
1294,Empi VW Fully Polished 911 Fuchs Alloy Wheels, 00-9678,$189.95
1295,Empi  Detailed 911 Fuchs Alloy Wheels, 0,$149.95
1296,Empi 17 Inch BRM VW Wheels, 0,$199.95
1297,Empi Dish VW Wheels, 00-9747,$149.95
1298,Empi Cosmo VW Wheels, 10-1100,$159.95
1299,Empi Gasser VW Wheels, 10-1081,$159.95
1300,Empi 5 Rib VW Wheels, 00-9751,$229.95
1301,Empi Torque Star VW Wheels, 00-9754,$149.95
1302,Empi GT-5 VW Wheels, 00-9686,$209.95
1303,Empi Raider VW Wheels, 00-9753,$239.95
1304,Empi Sprintstar 5 Lug VW Wheels, 00-9725,$249.95
1305,Empi Corsa VW Wheels, 10-1121,$169.95
1306,Empi 4 Lug Sprintstar VW Wheels, 00-9688,$109.95
1307,Empi 914 Alloy VW Wheels, 00-9723,$239.99
1308,Empi 4 Spoke VW Wheels, 10-1094,$259.95
1309,Empi Riviera VW Wheels, 00-9732,$139.95
1310,Empi GT-8 VW Wheels, 00-9683,$229.95
1311,Empi Rebel VW Wheels, 10-1120,$169.95
1312,14mm VW Style Lug Bolt With 17mm Head And Ball Seat, 70-2863,$10.95
1313,1776cc or 1915cc Turnkey VW Engine, AE1776TK10011,"$8,085.00"
1314,2007cc or 2028cc Turnkey VW Engine, AE2007TK100.1,"$9,085.00"
1315,2110cc Turnkey VW Engine, AE2110TK100,"$9,178.00"
1316,2276cc Turnkey VW Engine, AE2276TKFK7044.4,"$9,750.00"
1317,4 Puck VW Racing Clutch Disc, 00-4091,$82.99
1318,Carburetor Synchronizer Urethan Adapters, 43-5713,$8.29
1319,VW Clutch Installation Kit, 32-1204,$8.99
1320,Universal VW Carburetor Synchronizer Tools, 43-5712,$42.99
1321,VW Push Rod Measuring Tool, 16-9600,$16.99
1322,Total Seal Quickseat VW Ring Dry Film Powder, 98-1900,$29.99
1323,Moly VW Engine Assembly Lube, 27-0160,$4.29
1324,8 Dowel Crankshaft/Flywheel Drill Fixture, 00-5004,$29.94
1325,14mm VW Style Lug Bolt With 17mm Head And Ball Seat, 70-2863,$10.95
1326,1776cc or 1915cc Turnkey VW Engine, AE1776TK10011,"$8,085.00"
1327,2007cc or 2028cc Turnkey VW Engine, AE2007TK100.1,"$9,085.00"
1328,2110cc Turnkey VW Engine, AE2110TK100,"$9,178.00"
1329,2276cc Turnkey VW Engine, AE2276TKFK7044.4,"$9,750.00"
1330,4 Puck VW Racing Clutch Disc, 00-4091,$82.99
1331,14mm VW Style Lug Bolt With 17mm Head And Ball Seat, 70-2863,$10.95
1332,1776cc or 1915cc Turnkey VW Engine, AE1776TK10011,"$8,085.00"
1333,2007cc or 2028cc Turnkey VW Engine, AE2007TK100.1,"$9,085.00"
1334,2110cc Turnkey VW Engine, AE2110TK100,"$9,178.00"
1335,2276cc Turnkey VW Engine, AE2276TKFK7044.4,"$9,750.00"
1336,4 Puck VW Racing Clutch Disc, 00-4091,$82.99
1337,CB Performance 1904cc Builders Choice VW Engine Kit, 1179,"$3,923.95"
1338,CB Performance 1776cc Builders Choice VW Engine Kit, 1180,"$3,840.95"
1339,CB Performance 1915cc Builders Choice VW Engine Kit, 1181,"$4,120.95"
1340,CB Performance 2017cc Builders Choice VW Engine Kit, 1182,"$4,268.95"
1341,CB Performance 2110cc Builders Choice VW Engine Kit, 1183,"$4,204.95"
1342,CB Performance 2165cc Builders Choice VW Engine Kit, 1184,"$4,590.95"
1343,CB Performance 2276cc Builders Choice VW Engine Kit, 1185,"$4,922.95"
1344,CB Performance 2332cc Builders Choice VW Engine Kit, 1186,"$4,921.95"
1345,CB Performance 2387cc Builders Choice VW Engine Kit, 1187,"$5,477.95"
1346,Empi Super Stock 1600cc VW Engine Kit, 98-0472-B1641,"$2,599.99"
1347,14mm VW Style Lug Bolt With 17mm Head And Ball Seat, 70-2863,$10.95
1348,1776cc or 1915cc Turnkey VW Engine, AE1776TK10011,"$8,085.00"
1349,2007cc or 2028cc Turnkey VW Engine, AE2007TK100.1,"$9,085.00"
1350,2110cc Turnkey VW Engine, AE2110TK100,"$9,178.00"
1351,2276cc Turnkey VW Engine, AE2276TKFK7044.4,"$9,750.00"
1352,4 Puck VW Racing Clutch Disc, 00-4091,$82.99
1353,ACE Performance 1641cc VW Longblock, ACE1641LB-100.1,"$3,901.00"
1354,ACE Performance 1776cc VW Longblock, ALB1776100.1H,"$4,660.00"
1355,ACE Performance 1915cc VW Longblock, ALB1915100.1H,"$4,686.00"
1356,ACE Performance 2110cc VW Longblock, ALB2110100.1H,"$5,646.00"
1357,ACE Performance 2276cc VW Longblock, ALB2276100.1H,"$5,845.00"
1358,ACE Performance 2332cc VW Longblock, ALB2332100.1H,"$5,845.00"
1359,14mm VW Style Lug Bolt With 17mm Head And Ball Seat, 70-2863,$10.95
1360,1776cc or 1915cc Turnkey VW Engine, AE1776TK10011,"$8,085.00"
1361,2007cc or 2028cc Turnkey VW Engine, AE2007TK100.1,"$9,085.00"
1362,2110cc Turnkey VW Engine, AE2110TK100,"$9,178.00"
1363,2276cc Turnkey VW Engine, AE2276TKFK7044.4,"$9,750.00"
1364,4 Puck VW Racing Clutch Disc, 00-4091,$82.99
1365,1776cc or 1915cc Turnkey VW Engine, AE1776TK10011,"$8,085.00"
1366,2007cc or 2028cc Turnkey VW Engine, AE2007TK100.1,"$9,085.00"
1367,2110cc Turnkey VW Engine, AE2110TK100,"$9,178.00"
1368,2276cc Turnkey VW Engine, AE2276TKFK7044.4,"$9,750.00"
1369,14mm VW Style Lug Bolt With 17mm Head And Ball Seat, 70-2863,$10.95
1370,1776cc or 1915cc Turnkey VW Engine, AE1776TK10011,"$8,085.00"
1371,2007cc or 2028cc Turnkey VW Engine, AE2007TK100.1,"$9,085.00"
1372,2110cc Turnkey VW Engine, AE2110TK100,"$9,178.00"
1373,2276cc Turnkey VW Engine, AE2276TKFK7044.4,"$9,750.00"
1374,4 Puck VW Racing Clutch Disc, 00-4091,$82.99
1375,Empi Sideflow VW Exhaust Systems For Bug, 00-3485,$309.99
1376,Empi Sideflow Exhaust VW Type 2 Bus -67, 00-3450,$325.99
1377,Sideflow VW Exhaust System for Baywindow Bus, 00-3255,$639.99
1378,Empi VW Exhaust Systems With Small 3 Bolt Flange, 00-3647,$145.99
1379,Empi Premium VW Exhaust Systems, 00-3120,$179.99
1380,Empi Phat Boy VW Mufflers for Premium Extractors, 00-3200,$108.99
1381,Stainless Steel VW Extractor and Stinger Exhaust System, 00-3767,$259.99
1382,Stainless Steel Phat Boy VW Muffler, 00-3765,$259.99
1383,Stainless Steel Hideaway VW muffler, 00-3763,$259.99
1384,Empi Large 3 Bolt VW Exhaust Systems, 00-3312,$149.99
1385,Empi High Mount VW Header and Muffler, 00-3682,$93.99
1386,Stainless Steel VW Merged Competition Exhaust System, 00-3760,$465.99
1387,Empi Competition Merged VW Exhaust System, 00-3699,$149.99
1388,Competition Merged VW Exhaust For Bolt On Heater Boxes, 00-7320,$179.99
1389,Empi Phat Boy Muffler For VW Merged Competition Exhaust Systems, 00-3701,$108.99
1390,Empi Econo VW Exhaust System, 00-3300,$109.99
1391,Empi Tuck-Away VW Dual Exhaust System, 00-3602,$189.99
1392,Empi Stainless Steel 2 Tip VW Exhaust System, 00-3761,$289.99
1393,Empi GT Style VW Exhaust Systems, 00-3418,$139.99
1394,Empi 4 Tip GT VW Exhaust System, 00-3414,$149.99
1395,Off Road Competition VW Exhaust System With Stainless Steel Muffler, 00-3750,$299.99
1396,Empi Off Road Competition VW Exhaust Systems, 00-3455,$129.99
1397,Stainless Steel Off Road VW Competition Exhaust Systems, 56-3752,$510.99
1398,Off Road VW Competition Exhaust With Dual Mufflers, 00-3480,$329.99
1399,14mm VW Style Lug Bolt With 17mm Head And Ball Seat, 70-2863,$10.95
1400,1776cc or 1915cc Turnkey VW Engine, AE1776TK10011,"$8,085.00"
1401,2007cc or 2028cc Turnkey VW Engine, AE2007TK100.1,"$9,085.00"
1402,2110cc Turnkey VW Engine, AE2110TK100,"$9,178.00"
1403,2276cc Turnkey VW Engine, AE2276TKFK7044.4,"$9,750.00"
1404,4 Puck VW Racing Clutch Disc, 00-4091,$82.99
1405,Benco VW Transaxles, Stock Rebuild,"$1,199.95"
1406,Bugpack Swing Axle VW Transmission Super Differential, B508110,$179.99
1407,VW IRS Transmission Super Differential, B507210,$209.99
1408,Heavy Duty Swingaxle VW Side Covers, 16-9903,$56.99
1409,Heavy Duty IRS Transmission VW Side Cover, 16-9905,$59.99
1410,Empi VW Racing Transaxle Cross Shafts, 18-1041,$31.99
1411,Empi Heavy Duty VW Transmission Cross Shafts, 18-1055,$31.99
1412,Empi VW Transaxle Cross Shafts, 98-2011,$16.99
1413,VW Gearshift Housing And Gasket Set, 98-3006-B,$38.99
1414,VW Transaxle Shift Lever, 98-3015-B,$15.29
1415,VW Bus Clutch Cable Clevis Pin, 98-7081-B,$3.19
1416,Forged Clutch Cable Arms For VW Type 1/ Type 2, 16-9908,$12.29
1417,VW Clutch Operating Springs, 98-1421-B,$1.75
1418,VW Swing Axle Side Cover Retainers, 16-9906,$72.99
1419,IRS VW Transaxle Pivot Mount Bolt And Washer, 17-2826,$6.59
1420,VW Transmission Gasket Kits For Type 1/ Type 2, 98-2077,$14.89
1421,VW Transaxle Lock Nut Kit, 00-9522,$6.99
1422,VW Transaxle Oil Seal, 98-3009-B,$1.95
1423,VW Nose Cone Boot, 98-2072-B,$11.29
1424,VW Transaxle Syncho Rings, 98-8644,$14.99
1425,VW Transaxle Ring Gear Bolts, 98-5144-B,$1.49
1426,VW Transmission Carrier Mounting Bolt and Washer, 17-2828,$3.79
1427,Bolt On VW Bowden Tube Brackets, 16-9904,$5.79
1428,VW Transmission Side Cover Gasket, 98-8623-B,$0.99
1429,14mm VW Style Lug Bolt With 17mm Head And Ball Seat, 70-2863,$10.95
1430,1776cc or 1915cc Turnkey VW Engine, AE1776TK10011,"$8,085.00"
1431,2007cc or 2028cc Turnkey VW Engine, AE2007TK100.1,"$9,085.00"
1432,2110cc Turnkey VW Engine, AE2110TK100,"$9,178.00"
1433,2276cc Turnkey VW Engine, AE2276TKFK7044.4,"$9,750.00"
1434,4 Puck VW Racing Clutch Disc, 00-4091,$82.99
1435,Empi VW Chromoly Axles, 16-2202,$245.99
1436,14mm VW Style Lug Bolt With 17mm Head And Ball Seat, 70-2863,$10.95
1437,1776cc or 1915cc Turnkey VW Engine, AE1776TK10011,"$8,085.00"
1438,2007cc or 2028cc Turnkey VW Engine, AE2007TK100.1,"$9,085.00"
1439,2110cc Turnkey VW Engine, AE2110TK100,"$9,178.00"
1440,2276cc Turnkey VW Engine, AE2276TKFK7044.4,"$9,750.00"
1441,4 Puck VW Racing Clutch Disc, 00-4091,$82.99
1442,Empi Heavy Duty VW Clutch Kits, 32-1256-B,$139.99
1443,Sachs Heavy Duty VW Pressure Plates, 32-1234-B,$99.99
1444,Sachs Type 2 VW Heavy Duty Clutch Discs, 32-1265-B,$199.99
1445,Heavy Duty VW Clutch Disc, 32-1240,$23.99
1446,Kennedy VW Performance Clutches, 00-4090,$149.99
1447,Empi Performance VW Pressure Plates, 00-4080,$85.99
1448,Empi Super Duty VW 200mm Clutch Disc, 00-4085,$27.99
1449,Replacement VW Pressure Plates, 32-1241-B,$45.99
1450,Empi Kush-Lok VW Clutch Disc, 00-4096,$59.99
1451,Kush Lock 200mm VW Clutch Disc, 16-9900,$39.99
1452,6 Puck VW Racing Clutch Disc, 16-9901,$79.99
1453,4 Puck VW Racing Clutch Disc, 00-4091,$82.99
1454,Heavy Duty VW Throw Out Bearings, 32-1205,$13.99
1455,VW Replacement Clutch Bolt Set, B409020,$7.59
1456,VW Clutch Installation Kit, 32-1204,$8.99
1457,14mm VW Style Lug Bolt With 17mm Head And Ball Seat, 70-2863,$10.95
1458,1776cc or 1915cc Turnkey VW Engine, AE1776TK10011,"$8,085.00"
1459,2007cc or 2028cc Turnkey VW Engine, AE2007TK100.1,"$9,085.00"
1460,2110cc Turnkey VW Engine, AE2110TK100,"$9,178.00"
1461,2276cc Turnkey VW Engine, AE2276TKFK7044.4,"$9,750.00"
1462,4 Puck VW Racing Clutch Disc, 00-4091,$82.99
1463,VW Oil Filter Adapters, 00-9244,$12.99
1464,Remote VW Oil Filter Mounts, 16-8240,$21.99
1465,Billet Full Flow VW Hose Brackets, 17-2809,$39.99
1466,14mm VW Style Lug Bolt With 17mm Head And Ball Seat, 70-2863,$10.95
1467,1776cc or 1915cc Turnkey VW Engine, AE1776TK10011,"$8,085.00"
1468,2007cc or 2028cc Turnkey VW Engine, AE2007TK100.1,"$9,085.00"
1469,2110cc Turnkey VW Engine, AE2110TK100,"$9,178.00"
1470,2276cc Turnkey VW Engine, AE2276TKFK7044.4,"$9,750.00"
1471,4 Puck VW Racing Clutch Disc, 00-4091,$82.99
1472,Benco VW Transaxles, Stock Rebuild,"$1,199.95"
1473,Bugpack Swing Axle VW Transmission Super Differential, B508110,$179.99
1474,VW IRS Transmission Super Differential, B507210,$209.99
1475,Heavy Duty Swingaxle VW Side Covers, 16-9903,$56.99
1476,Heavy Duty IRS Transmission VW Side Cover, 16-9905,$59.99
1477,Empi VW Racing Transaxle Cross Shafts, 18-1041,$31.99
1478,Empi Heavy Duty VW Transmission Cross Shafts, 18-1055,$31.99
1479,Empi VW Transaxle Cross Shafts, 98-2011,$16.99
1480,VW Gearshift Housing And Gasket Set, 98-3006-B,$38.99
1481,VW Transaxle Shift Lever, 98-3015-B,$15.29
1482,VW Bus Clutch Cable Clevis Pin, 98-7081-B,$3.19
1483,Forged Clutch Cable Arms For VW Type 1/ Type 2, 16-9908,$12.29
1484,VW Clutch Operating Springs, 98-1421-B,$1.75
1485,VW Swing Axle Side Cover Retainers, 16-9906,$72.99
1486,IRS VW Transaxle Pivot Mount Bolt And Washer, 17-2826,$6.59
1487,VW Transmission Gasket Kits For Type 1/ Type 2, 98-2077,$14.89
1488,VW Transaxle Lock Nut Kit, 00-9522,$6.99
1489,VW Transaxle Oil Seal, 98-3009-B,$1.95
1490,VW Nose Cone Boot, 98-2072-B,$11.29
1491,VW Transaxle Syncho Rings, 98-8644,$14.99
1492,VW Transaxle Ring Gear Bolts, 98-5144-B,$1.49
1493,VW Transmission Carrier Mounting Bolt and Washer, 17-2828,$3.79
1494,Bolt On VW Bowden Tube Brackets, 16-9904,$5.79
1495,VW Transmission Side Cover Gasket, 98-8623-B,$0.99
1496,14mm VW Style Lug Bolt With 17mm Head And Ball Seat, 70-2863,$10.95
1497,1776cc or 1915cc Turnkey VW Engine, AE1776TK10011,"$8,085.00"
1498,2007cc or 2028cc Turnkey VW Engine, AE2007TK100.1,"$9,085.00"
1499,2110cc Turnkey VW Engine, AE2110TK100,"$9,178.00"
1500,2276cc Turnkey VW Engine, AE2276TKFK7044.4,"$9,750.00"
1501,4 Puck VW Racing Clutch Disc, 00-4091,$82.99
1502,Chrome Detailed Porsche Fuchs Wheels, CDF-102,"$1,550.00"
1503,Dove Gray Detailed Porsche Fuchs VW Wheels, DGF-101,"$1,750.99"
1504,Baywindow VW Bus 5x112 Pattern Chrome and Detailed Fuchs Wheels, BWCDF-101,"$1,650.00"
1505,Porsche Fuchs Wheels Chrome Detailed VW Center Caps, 00-9718-DET,$274.99
1506,Empi Chrome 911 Fuchs Alloy Wheels, 0,$209.99
1507,Classic 15 Inch BRM VW Wheels, 0,$119.95
1508,Empi VW Fully Polished 911 Fuchs Alloy Wheels, 00-9678,$189.95
1509,Empi  Detailed 911 Fuchs Alloy Wheels, 0,$149.95
1510,Empi 17 Inch BRM VW Wheels, 0,$199.95
1511,Empi Dish VW Wheels, 00-9747,$149.95
1512,Empi Cosmo VW Wheels, 10-1100,$159.95
1513,Empi Gasser VW Wheels, 10-1081,$159.95
1514,Empi 5 Rib VW Wheels, 00-9751,$229.95
1515,Empi Torque Star VW Wheels, 00-9754,$149.95
1516,Empi GT-5 VW Wheels, 00-9686,$209.95
1517,Empi Raider VW Wheels, 00-9753,$239.95
1518,Empi Sprintstar 5 Lug VW Wheels, 00-9725,$249.95
1519,Empi Corsa VW Wheels, 10-1121,$169.95
1520,Empi 4 Lug Sprintstar VW Wheels, 00-9688,$109.95
1521,Empi 914 Alloy VW Wheels, 00-9723,$239.99
1522,Empi 4 Spoke VW Wheels, 10-1094,$259.95
1523,Empi Riviera VW Wheels, 00-9732,$139.95
1524,Empi GT-8 VW Wheels, 00-9683,$229.95
1525,Empi Rebel VW Wheels, 10-1120,$169.95
1526,14mm VW Style Lug Bolt With 17mm Head And Ball Seat, 70-2863,$10.95
1527,1776cc or 1915cc Turnkey VW Engine, AE1776TK10011,"$8,085.00"
1528,2007cc or 2028cc Turnkey VW Engine, AE2007TK100.1,"$9,085.00"
1529,2110cc Turnkey VW Engine, AE2110TK100,"$9,178.00"
1530,2276cc Turnkey VW Engine, AE2276TKFK7044.4,"$9,750.00"
1531,4 Puck VW Racing Clutch Disc, 00-4091,$82.99
1532,AVW Link Pin VW Bug/Ghia Narrowed Beams, 10-666-04,$949.99
1533,Empi 2 Inch Narrowed Adjustable VW Bug Beams, 22-2818,$339.99
1534,VW Bug Adjustable Stock Width Front Beams, 22-2812,$319.99
1535,VW Bug New Replacement Torsion Leaves, 98-4540-B,$72.99
1536,VW Bug 2.5 Inch Drop Spindles, 22-2950,$109.99
1537,VW Bug Ball Joint Disc Brake Spindles, 22-2952,$129.99
1538,Empi VW Baywindow Bus 68-79 Drop Spindles, 22-2948,$299.99
1539,Empi VW Forged HD Bug King Pin Spindle Kit, 22-2976,$319.99
1540,"Empi 3"" Billet Aluminum VW Wheel Spacers", 00-9485,$149.95
1541,KYB VW Gas Shocks For Bug, 97-1009,$35.99
1542,14mm VW Style Lug Bolt With 17mm Head And Ball Seat, 70-2863,$10.95
1543,1776cc or 1915cc Turnkey VW Engine, AE1776TK10011,"$8,085.00"
1544,2007cc or 2028cc Turnkey VW Engine, AE2007TK100.1,"$9,085.00"
1545,2110cc Turnkey VW Engine, AE2110TK100,"$9,178.00"
1546,2276cc Turnkey VW Engine, AE2276TKFK7044.4,"$9,750.00"
1547,4 Puck VW Racing Clutch Disc, 00-4091,$82.99
1548,Jaycee VW 48 Special Dual Carburator Kit, JC-5000-0,"$1,695.00"
1549,Porsche Fuchs Wheels Chrome Detailed VW Center Caps, 00-9718-DET,$274.99
1550,Jaycee Billet VW Valve Covers, JC-2218-0,$399.95
1551,Jaycee VW Billet Jackstand VW Alternator Stand, JC-4495-0,$199.95
1552,VW Bug Front Disc Brake Kits With Drop Spindles Cross Drilled Rotors, 22-6141,$446.99
1553,1776cc or 1915cc Turnkey VW Engine, AE1776TK10011,"$8,085.00"
1554,Chrome Detailed Porsche Fuchs Wheels, CDF-102,"$1,550.00"
1555,Benco VW Transaxles, Stock Rebuild,"$1,199.95"
1556,Empi Pro Series VW I-Beam Rods, 00-8347,$325.99
1557,Bugpack 4340 Chromoly Forged Stroker VW Crankshafts, 00-8180,$339.95
1558,Empi Dual HPMX VW Carburetor Kits, 47-7317,$642.99
1559,VW Piston And Cylinder Sets, 00,$189.00
1560,Kennedy VW Performance Clutches, 00-4090,$149.99
1561,Empi Sideflow VW Exhaust Systems For Bug, 00-3485,$309.99
1562,14mm VW Style Lug Bolt With 17mm Head And Ball Seat, 70-2863,$10.95
1563,1776cc or 1915cc Turnkey VW Engine, AE1776TK10011,"$8,085.00"
1564,2007cc or 2028cc Turnkey VW Engine, AE2007TK100.1,"$9,085.00"
1565,2110cc Turnkey VW Engine, AE2110TK100,"$9,178.00"
1566,2276cc Turnkey VW Engine, AE2276TKFK7044.4,"$9,750.00"
1567,4 Puck VW Racing Clutch Disc, 00-4091,$82.99
1568,14mm VW Style Lug Bolt With 17mm Head And Ball Seat, 70-2863,$10.95
1569,1776cc or 1915cc Turnkey VW Engine, AE1776TK10011,"$8,085.00"
1570,2007cc or 2028cc Turnkey VW Engine, AE2007TK100.1,"$9,085.00"
1571,2110cc Turnkey VW Engine, AE2110TK100,"$9,178.00"
1572,2276cc Turnkey VW Engine, AE2276TKFK7044.4,"$9,750.00"
1573,4 Puck VW Racing Clutch Disc, 00-4091,$82.99
1574,14mm VW Style Lug Bolt With 17mm Head And Ball Seat, 70-2863,$10.95
1575,1776cc or 1915cc Turnkey VW Engine, AE1776TK10011,"$8,085.00"
1576,2007cc or 2028cc Turnkey VW Engine, AE2007TK100.1,"$9,085.00"
1577,2110cc Turnkey VW Engine, AE2110TK100,"$9,178.00"
1578,2276cc Turnkey VW Engine, AE2276TKFK7044.4,"$9,750.00"
1579,4 Puck VW Racing Clutch Disc, 00-4091,$82.99
1580,14mm VW Style Lug Bolt With 17mm Head And Ball Seat, 70-2863,$10.95
1581,1776cc or 1915cc Turnkey VW Engine, AE1776TK10011,"$8,085.00"
1582,2007cc or 2028cc Turnkey VW Engine, AE2007TK100.1,"$9,085.00"
1583,2110cc Turnkey VW Engine, AE2110TK100,"$9,178.00"
1584,2276cc Turnkey VW Engine, AE2276TKFK7044.4,"$9,750.00"
1585,4 Puck VW Racing Clutch Disc, 00-4091,$82.99
1586,14mm VW Style Lug Bolt With 17mm Head And Ball Seat, 70-2863,$10.95
1587,1776cc or 1915cc Turnkey VW Engine, AE1776TK10011,"$8,085.00"
1588,2007cc or 2028cc Turnkey VW Engine, AE2007TK100.1,"$9,085.00"
1589,2110cc Turnkey VW Engine, AE2110TK100,"$9,178.00"
1590,2276cc Turnkey VW Engine, AE2276TKFK7044.4,"$9,750.00"
1591,4 Puck VW Racing Clutch Disc, 00-4091,$82.99
1592,14mm VW Style Lug Bolt With 17mm Head And Ball Seat, 70-2863,$10.95
1593,1776cc or 1915cc Turnkey VW Engine, AE1776TK10011,"$8,085.00"
1594,2007cc or 2028cc Turnkey VW Engine, AE2007TK100.1,"$9,085.00"
1595,2110cc Turnkey VW Engine, AE2110TK100,"$9,178.00"
1596,2276cc Turnkey VW Engine, AE2276TKFK7044.4,"$9,750.00"
1597,4 Puck VW Racing Clutch Disc, 00-4091,$82.99
