,title,price
0,Classic VW Beetle Rear Air Ride Kit BOLT IN Type 1 & Ghia Swing Axle," 1,495"
1,Classic VW DubAir Suspension System for Type 1 Beetle 66-77 (Excluding Super Beetle)," 1,495"
2,Classic VW Air Shock Adapters with Swivel Air Line Connectors, 39.95
3,Classic VW Bolt On Shock Relocators for Type 1 49-65,
4,Classic VW DubAir Air Suspension Control System for Air Rides, 639.95
5,DubAir Classic VW Front Air Suspension System for Type 1 Beetle 66 Thru 77 (Without Air Management), 849.95
6,DubAir Classic VW Front Air Suspension System for Type 1 Beetle Thru 65 (Without Air Management), 995
7,"Classic VW  Air Ride Shocks for Type 1 Link Pin, Beetle, Bug & Ghia", 139.95
8,"Classic VW Air Ride 1/2"" NPT to 1/4"" PTC Swivel Fitting", 6.95
9,Classic VW DubAir Air Suspension System for Type 1 Beetle through 65," 1,495"
10,Classic VW Air Inflation Valve for Air Suspension Systems, 8.95
11,Classic VW Type 1 Air Suspension Single Gauge and Mechanical Switch Panel, 69.95
12,Classic VW Revolution Beetle & Ghia Bolt In Rear Air Ride System IRS," 1,795"
13,Classic VW Revolution Bolt In Rear Air Ride System Swing Axle," 1,795"
14,Classic VW Beetle Rear Air Ride Kit BOLT IN Type 1 & Ghia IRS,
15,Classic VW Push To Connect Union Tee Fitting, 5.95
16,Complete Bolt In Air Suspension for Type 1 Beetle Front and Rear 69-77," 3,499.95"
17,Complete Bolt In Air Suspension for Type 1 Beetle Front and Rear 66-68," 3,149.95"
18,Complete Bolt In Air Suspension for Type 1 Beetle Front and Rear 59-65," 3,149.95"
19,Complete Bolt In Air Suspension for Type 1 Beetle Front and Rear 59-65 Revolution Kit," 3,399.95"
20,Classic VW Viair Relay for Air Suspension Systems, 7.40
21,Classic VW 009 Distributor Cap Empi 16-9435, 9.95
22,Classic VW 12 Volt Coil by Beru Empi 9403, 27.95
23,Classic VW 12 Volt Coil Empi 9404,
24,Classic VW 12 volt Horn Empi 98-2031, 14.95
25,Classic VW 12 Volt Voltage Regulator by Bosch Empi 98-9068-B, 38.95
26,Classic VW 55 Amp Alternator Conversion Kit Empi 9445, 159.95
27,Classic VW 55 amp Alternator Empi 9445-7, 124.95
28,Classic VW Accu-Fire Electron Ignition Empi 9432, 38.95
29,Classic VW Blue Spark Plug Wire Kit Empi 9407, 18.95
30,"Classic VW Bug, Bus & Ghia 9"" Electric Fan for Oil Coolers Empi 9296", 73.95
31,Classic VW Speedometer Bulb Socket Empi V600802, 5.95
32,Classic VW Turn Signal Switch Type 1  68-70 Empi 98-9539, 41.95
33,Classic VW Type 3 Alternator Conversion Kit Empi 9448, 353.95
34,Classic VW Yellow Spark Plug Wire Kit Empi 9400, 18.95
35,Classic VW Sideflow Exhaust Empi 3485, 299.95
36,Single Quiet Pack Exhaust Empi 3312, 129.95
37,Economy Extractor Exhaust Empi 3300, 107.77
38,Classic VW Premium Exhaust Extractor Empi 3100 & 3102, 109.95
39,Classic VW Chrome Flared Exhaust Tips Empi 3362, 24.77
40,"VW 1.5"" Baja Exhaust Empi 3369", 139.95
41,VW Dual Quiet Pack Exhaust for Type 1 Empi 3123, 129.95
42,VW Dual Quiet Pack Exhaust with Extractor Empi 3121, 200
43,VW Single Glass Pack Exhaust Empi 3310, 119.95
44,"VW 4 Tip GT Exhaust System by Empi 3414, 3415", 139.95
45,"VW 1 5/8"" Exhaust Flange Gaskets (Pack of 4) Empi 3632", 7.95
46,VW Thing Exhaust Empi 3425, 149.95
47,VW Bug and Ghia Single Quiet Pack Exhaust System Empi 3312, 159.95
48,"Classic VW Bug, Bus & Ghia Exhaust J-Tubes Empi 3357", 21.95
49,VW Dual Glass Pack Buggy Exhaust Empi 3376, 109.95
50,VW Dual Glass Pack Buggy Exhaust for Dual Carb Motors Empi 3373, 129.95
51,"VW Long Stinger Exhaust Chrome, Black or Ceramic Coated, Empi 3377", 37.95
52,"VW Type 1 & 2, Bus, Bug & Ghia 4 tip GT Euro Style Exhaust, EMPI 3414", 109.95
53,"VW Type 3 GT Euro Style 4 Tip Exhaust, Empi 3415", 109.95
54,Copper Slip Flange Exhaust Gaskets Empi 3388 / 3389, 15.95
55,VW 3 Bolt Exhaust Flange Gasket (set of 2)  Empi 3390/Empi 3393, 3.95
56,VW Exhaust Port Gaskets (set of 4) Empi 3391 /Empi 3395, 3.95
57,VW Type 2 & Type 4 Exhaust Flange Gasket Empi 3283, 4.95
58,VW 2 Tip GT Exhaust System Empi 3417, 93.95
59,VW Dual Tip Exhaust Empi 3418, 137.95
60,"Classic VW Baja & Buggy 1.5"" Chrome Exhaust Empi 3458", 199.95
61,VW Baja & Buggy Exhaust BugPack Empi 3471, 164.95
62,VW Exhaust Baffle for Stinger Style Exhausts Empi 3475-1, 12.95
63,VW Side Exit Offroad Exhaust Empi 3470 Empi 55-3470, 129.95
64,VW Bobcat Style Exhaust Replacement Springs for Merged exhausts Empi 3476, 11.99
65,VW Merged Exhaust for Baja and Buggies Empi 3479 & Empi 3480, 327.77
66,VW Bus Type 2 & 411 72-74 Exhaust Empi 3483, 159.95
67,VW GT Single Tip Exhaust Empi 3487, 97.77
68,Classic VW 4 Tip Bus Exhaust 75-78 Empi 3484, 164.95
69,"VW Exhaust Port Flange Gasket 1.375"" Empi 3510", 4.95
70,"VW Exhaust Port Flange Gasket 1.5"" Empi 3841", 4.95
71,"VW Exhaust Port Flange Gasket 1.625"" Empi 3511", 4.95
72,VW 2 tip exhaust Black with Chrome Tips Type 1 Empi 3766, 114.95
73,VW Twin Square Tip GT Exhaust Empi 3675, 129.95
74,Classic VW Exhaust Clamp Kit for 1300-1600 Empi 98-2989, 11.95
75,Classic VW Exhaust Stud Nut Kit 9525, 5.95
76,Classic VW Stock Exhaust System 95-3002, 129.95
77,"Classic VW 1.5"" Exhaust Gaskets Empi 3631", 8.90
78,"Classic VW Copper Exhaust Flange Gasket, 1 & 5/8"" 17-2821", 13.95
79,"Classic VW Copper Exhaust Flange Gasket, 1.5 "" 17-2820", 13.95
80,Classic VW Beetle Tuck Away Dual Exhaust Empi 3602, 180.75
81,Classic VW Single Glass Pack Exhaust Empi 3641, 119.99
82,Classic VW Single Quiet Pack Exhaust Empi 3647, 149.95
83,Classic VW Dual Quiet Pack Exhaust with Header Empi 3648, 179.99
84,"Classic VW Type 3 Exhaust Squareback, Notchback, Fastback Empi 3661", 119.95
85,Classic VW Type 3 Dual Quiet Pack Squareback Exhaust Empi 3662, 179.95
86,Classic VW Stinger Exhaust with Swivel 3 bolt Flange Empi 3696,
87,Classic VW Exhaust Baffle Empi B2-5390-0, 15.95
88,Classic VW 2 Tip Pea Shooter Exhaust System Empi 3680, 129.95
89,Classic VW Chrome Tapered Exhaust Tips Empi 3693, 32.95
90,Classic VW Stainless Steel Angled Exhaust Tips Empi 3694, 17.95
91,Classic VW Competition Merged Exhaust System Empi 3699, 144.56
92,Classic VW and Buggy Dual Style Racing Exhaust Empi 3709, 246.25
93,Classic VW Baja & Buggy Exhaust System Empi 3732, 124.80
94,"Classic VW Baja & Buggy 1.5"" Competition Exhaust Empi 3745", 183.95
95,"Classic VW Stainless Merged Exhaust System 1 5/8"" Empi 3760", 399.95
96,Classic VW Stainless Steel Exhaust Empi 3761, 299.95
97,Classic VW Stainless Steel Sideflow Exhaust 3762, 649.95
98,Classic VW Stainless Steel Exhaust Header Empi 3767, 279.95
99,Classic VW Stainless Steel Type 2 & Type 4 Exhaust Empi 3771, 399.95
100,"Classic VW 1 & 3/8"" Desert Dueler Exhaust Empi 3786", 220.09
101,Classic VW Baja & Buggy Exhaust System Empi 3730, 119.21
102,Classic VW Beetle Roof Rack Vintage Style, 179.95
103,"Classic VW Cal Look Window Rubber Kit Empi 3587, 3587, 3589, 3599, 3596", 59.99
104,"VW Type 1 Door Seals, Bug & Beetle Empi 3593, 3594", 29.95
105,Classic VW Chrome Front Buggy Bumper Empi 3108 & 3109, 104.95
106,VW Bug Euro Bumper Guard Empi 3173, 21.95
107,Classic VW Baja Bug Hood Straps Empi 3016, 11.99
108,Classic VW Chrome Baja Hood Straps Empi 3011, 15.95
109,Classic VW Baja Headlight Assembly Empi 3019 Bug & Beetle, 30.95
110,VW Baja  Bug Rear Tube Bumper Empi 3079, 139.95
111,Classic VW Chrome Hood Pin Kit Empi 3017, 19.99
112,VW Baja Double Tube Front Bumper Empi 3078, 109.95
113,VW Baja Rear Bumper Shock Tower Mount Empi 3105, 99.95
114,VW Baja Stainless Steel Front Bumper Empi 3117 & 3118, 189.95
115,VW Bug & Beetle Early Fender / Horn Grills **Free Shipping**, 6
116,Classic VW Beetle Fender Beading Kit Pack of 4 Empi 3048, 15.95
117,Classic VW Bumper Bracket Seal Empi 3178, 6.99
118,VW Bumper Bracket Seal Later Style Empi 3179, 6.99
119,"VW Cal Look Nerf ""T"" Bar Empi 3175", 24.95
120,VW Cal Look Nerf Bar Empi 3174, 24.95
121,VW Chrome Nerf Bar for 68-73 Bugs & Beetles Empi 3107, 79.99
122,VW License Plate Bracket, 11.95
123,VW Type 1 Belly Pan Gasket Empi 3157, 19.95
124,"VW Type 2 Door Seals, Bus 68 and later  Empi 3597", 39.95
125,VW License Plate Bracket Empi 3181 / Empi 3182, 9.95
126,VW Baja/Buggy Skid Plate Empi 3193 /3194, 109.95
127,Classic VW Beetle Car Cover Empi 15-6401, 89.95
128,Classic VW Bus Short Roof Rack for type 2 Empi 15-2008, 349.95
129,"Classic VW Roof Rack Lock Set Bug, Bus Empi 15-2005", 59.95
130,Classic VW Beetle Front Hood Seal Empi 3590-B, 14.97
131,Classic VW Beetle Door Seal Kit 56-66 Empi 3593-B, 29.95
132,Classic VW Beetle front Bumper Chrome Empi 98-1023-B, 299.95
133,Classic VW Beetle Door Seal Kit 67-79 Empi 3594-B, 29.95
134,Classic VW Beetle Door Post Felt Seal 98-2089-B, 12.95
135,Classic VW Mud Flaps with Empi Logo for Type 1 Beetle Thru 67 Empi 15-1090, 49.95
136,Classic VW Bus Door Seals 68-79 Empi 3597-B, 42.95
137,Classic VW & Porsche 356 Headlight Covers Polished, 98.95
138,Classic VW Mud Flaps with Empi Logo for Type 2 Bus thru 72 Empi 15-1092, 49.95
139,Classic VW Hinge Pin for Type 1 Beetle Mirror Empi 98-2101, 6.95
140,"Classic VW ""Empi Logo"" License Plate Frame Empi 6460", 22.95
141,Classic VW Beetle Passenger Side Mirror Round Empi 98-2014-B, 23.95
142,Classic VW Door Finger Pull Replacement Empi 98-8341-B, 5.95
143,Classic VW Clear Turn Signal Assembly Type 1 58-63 Empi 98-9530_B, 23.95
144,Classic VW Low Mount Baja Side Boards Empi 3835, 129.95
145,"Classic VW Type 1, Ghia & Type 3 Washer Nozzle Empi 98-9586-B", 8.95
146,Classic VW Cal Look Nerf Bars 68 and later Polished Empi 3877, 69.95
147,Classic VW Cal Look Nerf Bars 68 and later Black Empi 3875, 29.95
148,Classic VW Front Bumper Bracket Empi 98-1011-B, 9.95
149,"Classic VW ""Empi GTV Emblem"" Die Cast Metal Empi 6456", 13.95
150,Classic VW 914 Porsche Alloy Empi 9681, 124.95
151,Classic VW BRM Wheel in Wide 5 Empi 9676, 114.95
152,"Classic VW BRM 17"" Wheel in Wide 5 Empi 10-1086", 196.97
153,Classic VW Driving or Fog Light Bracket for Beetle Bumpers Empi 98-5408-B, 17.95
154,Classic VW Early 911 Porsche Style Headlight Lens Empi 98-9505, 14.95
155,Classic VW Vintage Euro Style Headlight lense for Type 2 Empi 98-9504, 14.95
156,Classic VW Vintage Style Euro Headlight Lens for Type 1 Empi 98-9503, 13.95
157,Classic VW Early Headlight Lens for Type 1 Empi 98-9501-B, 13.95
158,Classic VW Beetle 2 Piece Fender Beading Kit Empi 3003-B, 8.95
159,Classic VW Beetle Right Vent Wing Seal Empi 98-2008-B, 17.95
160,Classic VW Beetle Left Vent Wing Seal Empi 98-1086-B, 17.95
161,Classic VW Beetle Left Vent Wing Seal Empi 98-2007-B, 17.95
162,Classic VW Vertical Felt Channel Type 1 65 and later Empi 98-2090-B, 11.95
163,Classic VW Type 1 Left Side Round Mirror Thru 67 Empi 98-2013 Volkswagen Part Number 113857513AME, 16.95
164,Classic VW Oval Left Side Mirror Thru 67 Empi 98-8581, 18.95
165,Classic VW Oval Right Side Mirror Thru 67 Empi 98-8582, 18.95
166,Classic VW Passenger Side Mirror (Right) Beetle 68 & Later Empi 98-2016, 18.95
167,"Classic VW  Air Ride Shocks for Type 1 Link Pin, Beetle, Bug & Ghia", 139.95
168,"Classic VW 14"" Rack & Pinion Unit EMPI 3147", 136.95
169,"Classic VW 2"" Narrowed Ball Joint Beam Empi 22-2814", 369.95
170,"Classic VW 2"" Narrowed Ball Joint Torsion Pack 22-2852", 77.95
171,"Classic VW 2"" Narrowed Tie Rods for Ball Joint Type 1 VW EMPI 22-2853", 70.95
172,"Classic VW 2"" Narrowed Tie Rods for Link Pin Type 1 VW EMPI 22-2832", 70.95
173,"Classic VW 2.5"" Drop Spindles for Ball Joint Disc Brakes Empi 22-2951", 99.99
174,Classic VW 6 piece Ball Joint Bushing Kit by Bugpack B6-5242-1, 44.95
175,Classic VW 90 Degree Gusset Tab Empi 16-1142, 11.95
176,Classic VW Adjustable Rear Spring Plates Empi 17-2669, 99.99
177,Classic VW Air Inflation Valve for Air Suspension Systems, 8.95
178,"Classic VW Air Ride 1/2"" NPT to 1/4"" PTC Swivel Fitting", 6.95
179,Classic VW Air Shock Adapters with Swivel Air Line Connectors, 39.95
180,Classic VW Ball Joint Torsions Empi 98-4541-B, 89.95
181,"Classic VW Beetle 4"" Ball Joint Narrowed Tie Rods for Type 1", 79.95
182,"Classic VW Beetle 4"" Link Pin Narrowed Tie Rods for Type 1", 79.95
183,Classic VW Beetle Rear Air Ride Kit BOLT IN Type 1 & Ghia IRS,
184,Classic VW Beetle Rear Air Ride Kit BOLT IN Type 1 & Ghia Swing Axle," 1,495"
185,Classic VW Bolt On Shock Relocators for Type 1 49-65,
186,Classic VW Deluxe Link Pin Rebuild Kit Empi 98-2066, 59.95
187,Classic VW DubAir Air Suspension Control System for Air Rides, 639.95
188,Classic VW DubAir Air Suspension System for Type 1 Beetle through 65," 1,495"
189,Classic VW DubAir Suspension System for Type 1 Beetle 66-77 (Excluding Super Beetle)," 1,495"
190,Classic VW King Pin Rebuild Kit for Type 1 Empi 98-2065, 29.95
191,Classic VW Push To Connect Union Tee Fitting, 5.95
192,Classic VW Quick Steer Adapter Kit Empi 22-2823 & Empi 22-2824, 27.95
193,Classic VW Rack & Pinion U-Joint Empi 3149, 38.95
194,Classic VW Rear Truss Bar for Type 1 Empi 17-2975, 214.95
195,Classic VW Revolution Beetle & Ghia Bolt In Rear Air Ride System IRS," 1,795"
196,Classic VW Revolution Bolt In Rear Air Ride System Swing Axle," 1,795"
197,Classic VW Steering Billet Steering Damper Mount Empi 16-2044, 39.95
198,Classic VW Steering Coupler Empi 98-4168-B VW 111-415-417, 9.95
199,Classic VW Type 1 Air Suspension Single Gauge and Mechanical Switch Panel, 69.95
200,"Classic VW Type 1 Disc Brake 2.5"" Drop Spindles Empi 22-2950", 106.75
201,Classic VW Type 2 Avis Style Beam Adjusters Weld In Empi 16-9916, 35.95
202,Classic VW Viair Relay for Air Suspension Systems, 7.40
203,Complete Bolt In Air Suspension for Type 1 Beetle Front and Rear 59-65," 3,149.95"
204,Complete Bolt In Air Suspension for Type 1 Beetle Front and Rear 59-65 Revolution Kit," 3,399.95"
205,Complete Bolt In Air Suspension for Type 1 Beetle Front and Rear 66-68," 3,149.95"
206,Complete Bolt In Air Suspension for Type 1 Beetle Front and Rear 69-77," 3,499.95"
207,DubAir Classic VW Front Air Suspension System for Type 1 Beetle 66 Thru 77 (Without Air Management), 849.95
208,DubAir Classic VW Front Air Suspension System for Type 1 Beetle Thru 65 (Without Air Management), 995
209,VW Link Pin Spindle Gusset Kit Empi 3166, 15.95
210,Classic VW 12 point Axle Bolt for IRS Beetle Ghia Empi 87-7701, 1.95
211,Classic VW 6v Starter Bushing to 12v Transmission Empi 4028, 5.85
212,Classic VW 8 Dowel Flywheel Empi 98-1275-B, 69.95
213,"Classic VW Bug, Bus & Ghia 3/8 Drive Transmission Drain Plug Tool Empi 5773", 5.95
214,Classic VW Cable Boot Empi 98-8618-B, 3.95
215,Classic VW Front Transmission Mount Type 1 66-72 Empi 98-2076, 9.95
216,Classic VW IRS Transmission Seal Kit Empi 98-2077, 13.95
217,Classic VW Padded Transmission Support Kit Empi 9543, 51.95
218,Classic VW Pedal Assembly for 65-72 Beetle Empi 4526-B, 92.95
219,Classic VW Stock Style Billet Shift Knob Empi 11-4539, 19.95
220,Classic VW Stock Style Transmission Mount Rear thru 72 98-2074, 5.95
221,Classic VW Stock Transmission Mount Empi 98-2073-B, 12.99
222,Classic VW Transmission 73 & Later Mount Empi 98-9972, 17.95
223,Classic VW Transmission Mount 73 & Later Empi 98-2070-B, 15.95
224,"Classic VW Transmission Mount Front, 62-65 Empi 98-2075", 9.95
225,Classic VW Transmission Nose Cone Boot Empi 98-2072-B, 11.95
226,Classic VW Urethane Transmission Mount Kit Empi 9540, 24.95
227,VW Bus Trans to Bug Kit Empi 3185, 47.95
228,Classic VW Wheel Adapter 4 lug to Wide 5 Empi 9503, 59.95
229,Classic VW Extended Wheel Studs Empi 70-2877, 5.96
230,Classic VW Rear Wheel Cylinder Type 1 68-79 Empi 98-6209-B, 14.95
231,Classic VW Inner Front Wheel Bearing for 65 and Earlier Type 1 98-4626-B, 11.95
232,VW Type 1 Outer Front Wheel Bearing 1950-1965 Volkswagens 98-4625, 11.96
233,VW Type 1 thru 1965 Front Wheel Seal Empi 98-4618, 2.15
234,"VW 12mm Wheel Studs, set of 5 Empi 9516", 5.99
235,VW Flywheel Seal German Elring 32-1546, 8.95
236,Classic VW Gasser Wheel Empi 10-1080, 149.95
237,Classic VW 12 x 1.5MM lug nuts with 60 degree ball seat Gorilla Brand, 24.95
238,Classic VW Front Wheel Cylinder Type 1 58-77 Empi 98-6214-B, 14.95
239,VW Type 1 Wheel Cylinder Front 1958-1977 Empi 98-6014, 24.95
240,Classic VW SprintStar Wheel Wide 5 Empi 9689, 114.95
241,Classic VW Empi Logo Center Cap Empi 9707, 10.95
242,Classic VW 5 Rib Wheel Anthracite 5 x 205 mm Empi 9750, 159.85
243,Classic VW 3 Spoke Knock Off Set of 4 Empi 9621, 41.95
244,Classic VW 2 Spoke Knock Offs Set of 4 Empi 9620, 41.95
245,"Classic VW 17"" Fuch Wheel Empi 9745", 199.95
246,Classic VW Rear Outer Axle Bearing 98-5016-B, 10.95
247,Classic VW Wheel Cylinder Type 1 58-64 Empi 98-6010-B, 14.95
248,Classic VW Rear Wheel Cylinder for Type 1 58-64 Empi 98-6210-B, 14.95
249,Classic VW Wheel Stud 14mm x 1.5 Set of 4 Empi 9515, 4.95
250,"Classic VW 1"" Wheel Spacer 5 x 205mm Empi 16-9930 Set of 2", 65.59
251,Classic VW BRM 4 Lug wheels Empi 9735, 149.95
252,VW Type 1 Rear Wheel Cylinder for 1965-1967 Volkswagen 98-6213, 16.97
253,Classic VW Gasser Wheel Empi 10-1082, 149.95
254,Classic VW Gasser Wheel Empi 10-1081, 149.95
255,"Classic VW BRM 17"" Wheel in Wide 5 Empi 10-1086", 196.97
256,Classic VW BRM Wheel in Wide 5 Empi 9676, 114.95
257,Classic VW Corsa 5 x 205 Wheel Empi, 149.95
258,Classic VW BRM Wheel Center Cap Empi 9705, 13.95
259,Classic VW 914 Porsche Alloy Empi 9681, 124.95
260,Classic VW Cosmo Wheel in Wide 5 by Empi 10-1101, 149.95
261,Classic VW Cosmo Wheel in 4 lug by Empi 10-1100, 149.95
262,"Classic VW 1/2"" ID Breather with Chrome Top Empi 9051", 10.95
263,Classic VW 36 Horsepower Fan Shroud Beetle Ghia Bus Empi 8670, 59.95
264,"Classic VW 36mm Cooling Fan Tig Welded Bug, Beetle, Ghia, Bus Empi 98-2006", 77.95
265,Classic VW 4140 Chromoly 74 mm Counter-Weighted Crankshaft Empi 8121, 323.95
266,Classic VW 6 volt to 12 Volt Starter Bushing Empi 4027, 5.95
267,Classic VW 8mm  Extended Chromoly Case Studs Empi 4021, 49.95
268,Classic VW 8mm Chromoly Case Stud Kit for Single Port Empi 4005, 44.95
269,Classic VW 8mm Chromoly Case Studs Empi 4020, 39.95
270,Classic VW Alternator / Generator Backing Plate Kit Black Empi 9057, 10.95
271,Classic VW Alternator Backing Plate Empi 9071 & Empi 8979,
272,Classic VW Aluminum Bolt On Cam Gear Empi 21-2500, 27.95
273,Classic VW Beetle Engine Compartment Gasket Seal Empi 3591-B, 17.95
274,Classic VW Beetle Engine Compartment Gasket Seal Empi 3592-B, 17.95
275,Classic VW Beetle Front Engine Tin (by Firewall) Empi 8951, 20.95
276,"Classic VW Beetle, Ghia Bus Dual Port Engine Tin Empi 8990", 25.95
277,Classic VW Blaze Cut 6 foot Fire Suppression System for Type 1 Beetle, 178.95
278,Classic VW Blaze Cut 9 foot Fire Suppression System for Type 2 Bus, 229.95
279,Classic VW C-Channel Logo Valve Covers Empi 8852, 89.95
280,Classic VW Chrome Heater Channel Tin Empi 8949, 31.95
281,Classic VW Chromoly Cut To Length Push Rods Empi 4034, 59.95
282,Classic VW Chromoly Valve Spring Retainers Empi 4015, 29.95
283,Classic VW Crank Pulley Tin Chrome Empi 8960, 13.85
284,Classic VW Crank Pulley Tin Empi 8935, 12.95
285,Classic VW Deluxe 10mm Engine Hardware Kit Empi 4019, 29.95
286,Classic VW Deluxe 8mm Engine Hardware Kit Empi 4018, 29.95
287,Classic VW Doghouse Cooler Engine Tin Empi 8884, 28.95
288,"Classic VW Doghouse Fan Shroud Beetle, Ghia, Bus Empi 8672", 67.95
289,Classic VW Dual Port Intake Kit Empi 3228 / Empi 3229, 13.99
290,Classic VW Engine Gasket Set 1300 -1600 cc VW Part Number 111198007AF, 18.95
291,Classic VW Engine Rebuild Gasket Kit Elring Empi 9901-B, 19.95
292,"Classic VW Forged I-Beam Connecting Rod Set 5.394"" Empi 8340", 189.95
293,Classic VW Gland Nut Washer Empi 4030, 5.85
294,Classic VW Heavy Duty Bubble Top Engine Cases Autolinea Empi," 1,099.95"
295,Classic VW Heavy Duty Chromoly Gland Nut & Washer Empi 4029, 14.95
296,Classic VW Heavy Duty Oil Pump Empi 98-1158-B, 33.95
297,Classic VW Hi-Performance Gland Nut Empi 4026, 25.95
298,Classic VW High Rev Valve Spring Kit Empi 4045, 49.95
299,Classic VW MST Billet Fuel Pump Block Off Plate, 25.99
300,Classic VW MST Billet Oil Pump Cover, 25.95
301,Classic VW MST Billet Push Rod Tubes, 119.99
302,Classic VW MST Billet Renegade V-Belt Set Up, 144.99
303,Classic VW MST Excalibur Serpentine Belt System, 209.99
304,Classic VW MST Excalibur Serpentine Belt System SAND SEAL, 234.99
305,Classic VW MST Matador Serpentine System, 209.99
306,Classic VW MST Raptor Serpentine Belt System, 209.99
307,Classic VW MST Serpentine Belt System Renegade for Sand Seal, 230.99
308,Classic VW NGK Spark Plug B5HS Empi 98-9958-B, 3.50
309,"Classic VW Oil Pump Cover, Stock Style Empi 9148-7", 5.50
310,"Classic VW Polished Aluminum Oil Filler Beetle, Ghia, Bus Empi 7902", 27.95
311,Classic VW Racing Dual Valve Spring Kit Empi 4041, 79.95
312,Classic VW Racing Dual Valve Springs Empi 4037, 59.95
313,Classic VW Self Tapping Case Studs Empi 4025, 8.95
314,Classic VW Shroud Screw Set Empi 9521, 7.95
315,Classic VW Silicone Bronze Valve Guide Empi 4002, 7.95
316,Classic VW Spark Plug Inserts Empi 4013, 6.95
317,Classic VW Stainless Steel Windage Push Rod Tubes Empi 8531, 57.95
318,Classic VW Stock Length Push Rod Empi 4033-7, 6.99
319,Classic VW Stock Length Push Rods Empi 4033, 52.95
320,Classic VW Valve Locks Empi 4044, 6.38
321,Classic VW w/o Heat Rise w/o Heater Hose Empi 8939, 22.95
322,Heater Channel Tin for air cooled upright VW Engines (Black) Empi 8948, 31.95
323,MST Billet Alternator Stand, 119.95
324,MST Billet Aluminum Valve Covers, 209.99
325,MST Serpentine Belt System Renegade, 209.99
326,Classic VW 2 Prong Brake Light Switch Empi 98-2058, 6.95
327,"Classic VW 2.5"" Drop Spindles for Ball Joint Disc Brakes Empi 22-2951", 99.99
328,Classic VW 3 Prong Brake Switch Empi 98-2057, 7.55
329,Classic VW Axle Spacers for Swing Axle Empi 16-2401, 21.28
330,Classic VW Ball Joint 2.5 Drop Spindle Wide 5 Disc Brake Kit Empi 22-2926, 449.95
331,"Classic VW Ball Joint 2.5"" Drop Spindles for Drum Brake Beetle and Ghia 22-2859", 94.95
332,Classic VW ball Joint Disc Brake Kit (5 x 130 mm) 22-2887, 449.95
333,Classic VW Beetle Type 1 Parking Brake Cable 58 Thru 64 Empi 98-6900-B, 12.95
334,Classic VW Billet Brake Line Mount for Swing Axle Tubes Empi 17-2830, 15.95
335,Classic VW Brake Drum for Type 1 68 & Later IRS Empi 98-5002-B, 77.97
336,Classic VW Brake Fluid Reservoir for Dual Circuit Master Cylinder Empi 17-2878, 17.95
337,Classic VW Brake Hardware Kit Empi 98-6881-B, 2.95
338,Classic VW Brake Hose 7mm ID 13MM ID Empi 98-0121-B, 9.95
339,Classic VW Brake Hose Front 67-79 Type 1 Except Super Beetle Empi 98-6701-B, 13.95
340,"Classic VW Brake Line 13.25"" Steel Empi 98-9614", 5.96
341,Classic VW Brake Line Clip 98-6685-B, 1.95
342,Classic VW Brake Master Cylinder Grommet for Type 1 through 66 Empi 98-6683, 2.95
343,Classic VW Brake Pad Kit for Rear Calipers Empi 22-2891, 22.95
344,Classic VW Brake Pad Kit Set of 4 Empi 22-2980, 22.95
345,Classic VW Brake Pads for Empi Caliper 98-1150-B Part Number Empi 22-2992, 36.95
346,Classic VW Brake Reservoir 98-6672-B, 8.95
347,"Classic VW Bus Drop Spindles, For Bus using 73 and Later Brakes Empi 22-2948", 289.95
348,Classic VW Clutch / Brake Pedal Pad Empi 9904-B, 7.95
349,"Classic VW Cross Drilled Rotors Porsche 5 x 130 & Chevy 5 x 475"" double drilled. Empi 22-3863-7", 119.95
350,Classic VW Disc Brake Bearing and Seal Kit Empi 22-2851, 29.95
351,Classic VW Disc Brake Bearing for Empi Front Disc Brakes Empi 91-1154, 8.95
352,Classic VW Disc Brake Conversion Kit Type 2 Bus 55-63 Empi 22-2935," 1,083.95"
353,Classic VW Disc Brake Conversion Kit Type 2 Bus 64-66 Empi 22-2937," 1,083.95"
354,Classic VW Disc Brake Outer Wheel Bearing for Empi Disc Brake Empi 98-1155, 6.95
355,Classic VW Drop Spindles for Disc Brake Kit Empi 22-2925 Empi 22-2954, 189.95
356,Classic VW Drum Brake Drop Spindles Thru 65 Empi 22-2858, 99.95
357,Classic VW Drum Brake Hardware Kit 98-6989-B, 11.95
358,Classic VW Dual Circuit Master Cylinder Empi 16-9554, 35.95
359,Classic VW Dual Pattern Type 1 Rear Brake Drum 5 x Porsche/Chevy Empi 98-5002-7, 89.95
360,Classic VW Empi Front Disc Brake Wheel Bearing Seal Empi 98-1156-B, 2.95
361,"Classic VW Front Brake Drum Wide 5 Bug, Ghia, Empi 98-4002-B", 55.95
362,Classic VW Front Brake Hose 480MM Thru 64 Empi 98-6700-B, 11.95
363,Classic VW Front Brake Shoes Type 1 58-64 Empi 98-6091, 23.95
364,Classic VW Late Model Beetle & Ghia 4 Lug Drop Spindle Disc Brake Kit Empi 22-2886, 349
365,Classic VW Link Pin Dropped Spindle Disc Brake Kit Empi 22-2925, 479.95
366,Classic VW Parking Brake Cable For Type 1 56-57  Part Number 113 609 721 B, 19.95
367,Classic VW Rear Brake Drum Kit Type 1 68-79 Empi 98-6096, 22.95
368,Classic VW Rear Brake Rotor for 68 and on Type 1 Empi 22-2841-B, 77.97
369,Classic VW Rear Brake Shoes Type 1 58-64 Empi 98-6095B, 23.95
370,Classic VW Rear Cross Drilled Rotors Empi 22-2843-7, 119.95
371,Classic VW Rear Disc Brake for Swing Axle Wide 5 Empi 22-2905, 429.95
372,Classic VW Rear Disc Brake for Swing Axle Wide 5 Empi 22-2905 F (with HD cast brackets, 499.95
373,Classic VW Rear Disc Brake Kit Double Drilled 22-2912, 389.95
374,Classic VW Rear Disc Brake Spacer for IRS Empi 22-5281-7, 5.95
375,Classic VW Rear Drum Brake Hardware Kit Type 1 67-79 Empi 98-6990-B, 12.99
376,Classic VW Rear Wide 5 Disc Brake kit for IRS Empi 22-2906, 349.99
377,Classic VW Rear Wide Track IRS Disc Brake Kit Empi 22-2927, 419.95
378,Classic VW Replacement Disc Brake Caliper for Empi 22-2956-B, 129.95
379,Classic VW Replacement Disc Brake Caliper for Empi 22-2957-B, 129.95
380,Classic VW Replacement Disc Brake Pads Empi 22-2890, 19.95
381,Classic VW Replacement Parking Brake Cable Empi Disc Brakes Empi 22-6096, 24.95
382,Classic VW Right Rear Side Inlet Caliper Empi 22-6124-B, 144.55
383,Classic VW Thing Type 181 Rear Brake Drum 98-5019-B, 99.95
384,Classic VW Type 1 Brake Line Kit thru 66 Empi 98-6991-B, 31.95
385,"Classic VW Type 1 Disc Brake 2.5"" Drop Spindles Empi 22-2950", 106.75
386,Classic VW Type 2 Brake Caliper 73-79 Bus or 68 and later with Conversion Empi 18-1011, 149.95
387,Classic VW Type 2 Bus Disc Brake Kit 55-63 Empi 99-4439, 949.95
388,Classic VW Wide 5 Brake Drum for 66 & 67 Beetle Empi 98-4600-B, 69.96
389,Classic VW Wide Track Rear Disc Brake Kit for Swing Axle Empi 22-2928, 469.95
390,Classic VW Zero Offset Wide 5 Rear Brake Type 1 73 & On Empi 22-2907, 399.95
391,VW  Front Brake Hose Type 1 / 1965 &1966 98-6703, 13.95
392,VW Ball Joint Bolt On Disc Brake Kit Empi 22-2983, 279.95
393,VW Bolt on Wide 5 Disc Brake Kit  Empi 22-2820, 429.99
394,VW Bug & Ghia Front Chevy and Porsche Front Rotor for Aircooled Type 1 Empi 22-2963-7, 99.95
395,VW Bug & Ghia Rear Chevy and Porsche Brake Drum for Aircooled Type 1 Empi 98-5002-7, 64.95
396,VW Emergency Brake Shortening Kit Empi 3169, 7.95
397,VW Hydraulic Park Lock Empi 3155, 29.95
398,VW IRS 4 Lug Disc Brake Kit with E Brake Empi 22-2870-0, 359.95
399,"VW Rear Disc Brake Kit w/ E-Brake, 4 Lug 4X130 Empi 22-2871", 349.95
400,VW Super Beetle Disc Brake Kit Empi 22-2982, 269.95
401,VW Super Beetle Front Disc Brake Kit Empi 22-2855-0, 259.95
402,VW Type 1 Front Brake Shoes 1965-1977 Empi 98-6093, 26.95
403,VW type 1 Rear Brake Hose Type 1 Swing Axle 270MM 98-6706-B, 12.95
404,VW Type 1 Rear Brake Shoes for 65-67 Volkswagens Empi 98-6097, 24.97
405,"VW Zero Off-Set Front Disc Brake Kit, Wide 5, For Link Pin Empi 22-2880", 479.95
406,Zero Offset Ball Joint Wide 5 disc Brake Kit for 68 & Later Empi 22-2895, 449.95
407,VW Fuel Filters Empi 9100, 13.77
408,"Classic VW Fuel Pump Type 1, 2 & 3 with Generator 98-1271", 25.95
409,Classic VW Fuel Pump Type 1 with Alternator 98-2079, 27.95
410,Classic VW 5mm ID Fuel Line 98-0123-B, 29.20
411,Classic VW Extra Capacity Fuel Tank for Type 1 Empi 95-2004-B, 169.95
412,Classic VW Fuel Gauge for 62-67 Type 1 Beetle Empi 98-2019-B, 37.95
413,Classic VW Fuel Pump Block Off Red Empi 18-1093, 17.95
414,Classic VW Fuel Pump Block Off Blue Empi 18-1092, 17.95
415,Classic VW Fuel Tank Outlet Pipe Empi 95-2006-B, 9.95
416,Classic VW Fuel Pump Block Off Empi 31-3011, 24.95
417,Classic VW Electric Fuel Pump Facet Empi 41-2000-8, 49.95
418,Classic VW Fuel Pump Rod Empi 98-1180-B, 5.95
419,Classic VW Super Beetle Fuel Sending Unit Empi 98-2022, 51.95
420,"Classic VW Bulk Fuel Hose 1/4"" Empi 3526", 8.95
421,Classic VW Kardon/Brosal/Empi Carb Tune Up Kit Empi 2301, 28.95
422,Classic VW Carburetor Rebuild Kit for Weber IDF & HPMX Empi 2362, 29.95
423,Classic VW & Buggy Aluminum Gas Tank Cap Empi 3538, 14.95
424,Classic VW Replacement Gas Tank Cap 95-2005-B, 7.95
425,Classic VW Gas Tank for Beetle 60-67 95-2001-B, 155.95
426,Classic VW Beetle Gas Gauge Empi 2019-B VW Part # 113-919-029, 39.95
427,Classic VW 34 Pict 3 Carb Beetle Bus Ghia Empi 98-1289-B, 162.95
428,Classic VW Weber Progressive / DFV/ Rebuild Kit Empi 2202, 34.40
429,Classic VW Carburetor Tune Up Kit for Holley Bug Spray Empi 2238, 19.95
430,Classic VW Carb Tune Up Kit for Weber 38 Empi 2361, 39.95
431,Classic VW Accelerator Cable Type 1 58-65 Empi 98-7500-B, 5.95
432,Classic VW Air Filter for factory styler carbs Empi 17-2978, 14.95
433,Classic VW 2 Point Lap Belts Wolfsburg Crest, 40
434,Classic VW 2 Point Retractable Lap Belt Empi 3847, 119.95
435,Classic VW 3 Point Retractable Seat Belt/Harness Empi 3851, 149.95
436,Classic VW 7 Piece Carpet Kit for 71-72 Super Beetle Empi 3918, 106.95
437,Classic VW Adapter for Empi Steering Wheels Empi 79-4025, 105.95
438,Classic VW Banjo Steering Wheel Adapter Type 1 & Ghia Empi 79-4062, 89.95
439,Classic VW Banjo Steering Wheel Adapter Type 1 & Ghia Empi 79-4063, 89.95
440,Classic VW Banjo Steering Wheel Black Empi 79-4059, 219.95
441,Classic VW Banjo Steering Wheel Silver/Gray Empi 79-4060, 219.95
442,Classic VW Beetle Bamboo Parcel Tray Empi 4870, 73.95
443,Classic VW Beetle Rear Parcel Tray / Speaker Shelf Empi 4851, 119.95
444,Classic VW Beetle Rear Well Carpet Kit Type 1 58-64 Empi 3914, 63.95
445,Classic VW Black Deluxe Carpet Kit 58-68 Beetle Empi 3073, 108.95
446,Classic VW Black Deluxe Carpet Kit With Footrest 69-72 Beetle Empi 3910, 112.95
447,Classic VW Black Deluxe Carpet Kit With Footrest 73-79 Beetle Empi 3912, 94.95
448,Classic VW Black Deluxe Carpet Kit Without Footrest 58-68 Beetle Empi 3081, 99.95
449,Classic VW Black Deluxe Carpet Kit Without Footrest 69-72 Beetle Empi 3911,
450,Classic VW Black Deluxe Carpet Kit Without Footrest 73-79 Beetle Empi 3913, 94.95
451,"Classic VW Bug, Rear Well Carpet Kit Empi 3915", 65.95
452,Classic VW Carpet Kit 58-70 Beetle Empi 3981, 109.95
453,Classic VW Carpet Kit for 71-72 SB Convertible Empi 3982, 119.95
454,Classic VW Carpet Kit for 73-77 Super Beetle Empi 3919, 99.95
455,Classic VW Carpet Kit Type 1 & SB Convertible Empi 3997, 54.95
456,Classic VW Chrome Mirror for Type 1 65-67 Empi 98-8578, 23.95
457,Classic VW Empi Front Floor Mats for VW Beetle Type 1 Empi 15-1099, 69.95
458,Classic VW Empi Rear Floor Mats for Beetles 54-79 Empi 15-2000, 34.95
459,Classic VW Headlight Switch Insert Empi 98-9435, 7.95
460,Classic VW Hidden Stereo Glove Box Empi 3033, 41.95
461,Classic VW Interior Mirror Day/Night Type 1 68-77 Empi 98-8579, 38.95
462,Classic VW Karmann Ghia Glove Box Empi 3564-B, 29.95
463,Classic VW Late Sun Visor Clips Black Empi 4428, 4.95
464,Classic VW Left Vent Window Lock 68 & on 98-1045, 15.95
465,Classic VW Matte Black Seat Belt, 19.95
466,Classic VW Polished Aluminum Cup Holder 67 & Earlier Bus, 59.95
467,Classic VW Right Vent Window Lock 68 & on Empi 98-1046, 15.95
468,Classic VW Seat Rail Guide Piece Kit Empi 98-8972-B, 10.95
469,Classic VW Shifter Assembly Empi 98-1025-B, 25.95
470,Classic VW Stock Style Universal Shift Boot Empi 98-9981, 6.99
471,Classic VW Super Beetle 7 Piece Carpet Kit 71-72 Empi 3917, 109.95
472,Classic VW Super Beetle Deluxe Carpet Kit 73-79 Empi 3984, 109.99
473,Classic VW Vent Wing Window Post Seal 65 and on Type 1 Empi 98-3730, 3.95
474,Classic VW Wire Basket Cup Holder Type 1 & Type 3 Ivory Empi 18-1067, 29.99
475,Classic Wood Steering Wheel Kit Empi 79-4026, 89.95
476,Dark Wood Steering Wheel Kit Empi 79-4021, 209.95
477,Glove Box Bumper Empi 98-0120, 1.50
478,"Replacement Dash VW Bug 71-76 and Super Beetle 71-72, Empi 4436", 139.95
479,Sun Visor for VW Type 1 65-77 and Convertible 73-79 Empi 4423 Empi 4424, 34.95
480,"VW Beetle Pop Out Window Hinge Cover, Chrome", 10.95
481,VW Billet Fuel Tank Clamps,
482,VW Bug & Beetle Early Dash Knobs Black and Ivory, 3.95
483,VW Bug & Beetle Rear Well Carpet Kit Empi 3075, 59.95
484,VW Bus Type 2 Glove Box 68 & Later Empi 3584, 34.95
485,VW Roller Pedal Empi 3060, 9.77
486,VW Sun Visor Type 1 57-64 Empi 4425 White & Empi 4426 Black, 59.77
487,VW Type 1 Beetle Glove box 52-57 Empi 3580, 29.95
488,VW Type 1 Beetle Glove box 58-64 Empi 3581, 29.95
489,VW Type 1 Beetle Glove Box 65-67 Empi 3582, 24.95
490,VW Type 1 Beetle Glove box 68 & up Empi 3583, 29.95
491,VW Under Dash Stereo Gauge Mount Empi 3034, 31.95
