,title,price,sku,product_link
0,"""EMPI GTV"" DIE CAST LOGO 00-6456-0",$12.86,00-6456-0,https://thevdubfactory.com/collections/all/products/empi-gtv-die-cast-logo
1,"""EMPI"" DIE CAST LOGO 00-6455-0",$11.25,00-6455-0,https://thevdubfactory.com/collections/all/products/empi-die-cast-logo
2,"""T"" BARS, CHROME, THRU ""67 00-3174-0",$26.39,00-3174-0,https://thevdubfactory.com/collections/all/products/chrome-t-bar-to-67-pr
3,.060 VW ROCKER ARM STAND SHIMS FOR ROCKER ARM GEOMETRY SET OF 4,$7.34,21-2360-0,https://thevdubfactory.com/collections/all/products/rocker-stand-shims-060-4pc
4,"00-9468-0 12"" GROUND STRAP BRAIDED TRANS/BATTERY",$11.83,00-9468-0,https://thevdubfactory.com/collections/all/products/12-ground-strap
5,"009 CAST STEEL Distributor, Pointless Ignition System",$153.74,00-9472-B,https://thevdubfactory.com/collections/all/products/cast-electronic-distributor
6,"1 1/2""COPPR SLIP EXHAUST GASKETS SET OF 4 00-3388-0",$16.65,00-3388-0,https://thevdubfactory.com/collections/all/products/1-1-2coppr-slip-exh-gskts-4
7,"1 5/8"" COPPER SLIP EXHAUST GASKETS SET OF 4 00-3389-0",$14.48,00-3389-0,https://thevdubfactory.com/collections/all/products/1-5-8coppr-slip-exh-gskts-4
8,"1 Hole Gauge Panel, Black For 2-1/16",$11.25,14-1009-0,https://thevdubfactory.com/collections/all/products/metal-mount-bkt-blk-1-hole
9,"1 Hole Gauge Panel, Black For 3-1/8",$7.34,14-1005-0,https://thevdubfactory.com/collections/all/products/1-hole-gauge-panel
10,"1 Hole Gauge Panel, Chrome For 2-1/16    14-1014-0",$9.63,14-1014-0,https://thevdubfactory.com/collections/all/products/metal-mount-bkt-chr-1-hole
11,"1-HOLE GAUGE PANEL, CHROME 14-1006-0",$6.91,14-1006-0,https://thevdubfactory.com/collections/all/products/1-hole-gauge-panel-chrome
12,"1.25 RATIO ROCKER ARMS, BUSHING STYLE, COMPLETE SET WITH HARDWARE 21-2162-0",$180.79,21-2162-0,https://thevdubfactory.com/collections/all/products/hp-1-25-r-arm-w-bushing-pr
13,1.25 RATIO ROCKERS ONLY (8)  21-2312-0,$96.95,21-2312-0,https://thevdubfactory.com/collections/all/products/1-25-ratio-rockers-only-8
14,"1.40 RATIO ROCKER ARMS, BUSHING STYLE, COMPLETE SET WITH HARDWARE",$157.22,21-2164-0,https://thevdubfactory.com/collections/all/products/hp-1-40-r-arm-w-bushing-pr
15,"1/4"" FUEL HOSE, 5 Foot roll",$11.25,00-3525-0,https://thevdubfactory.com/collections/all/products/1-4-fuel-hose-5-feet
16,"10MM Chromoly Case Stud Kit, +12.7 mm for VW Dual Port Heads",$62.45,00-4010-0,https://thevdubfactory.com/collections/all/products/10mm-c-m-case-studs-12-7mm
17,"12 Volt Blue Coil, .6 Ohm Economy Version NOT FOR USE ON POINTLESS IGNITION",$32.27,00-9406-B,https://thevdubfactory.com/collections/all/products/12-volt-coil-w-bkt-blue
18,"12 Volt Bosch Coil, 3 Ohm Resisted",$86.66,00-9409-B,https://thevdubfactory.com/collections/all/products/12-volt-bosch-blue-coil
19,12 VOLT HORN FOR EARLY CLASSIC VOLKSWAGEN BUG GHIA BUS,$11.92,98-2031-0,https://thevdubfactory.com/collections/all/products/12-volt-horn
20,"12"" TALL ALUMINUM T HANDLE SHIFTER RIGHT HAND DRIVE",$62.45,00-4497-0,https://thevdubfactory.com/collections/all/products/pol-al-t-hndl-shftr-rhd-std
21,"12MM LUG BOLT FOR EARLY VW BUG-GHIA-SQUAREBACK TO 1967, EACH",$2.28,98-6111-B,https://thevdubfactory.com/collections/all/products/bolt-road-wheel12x1-5mm-ea
22,12PCS Pine Rods Kit for Vintage Speed Beetle Roof Rack,$122.49,155-391-01901,https://thevdubfactory.com/collections/all/products/12pcs-pine-rods-kit-for-vintage-speed-beetle-roof-rack
23,12PCS Pine Rods Kit for Vintage Speed Karmann Ghia Roof Rack,$122.49,155-391-01501,https://thevdubfactory.com/collections/all/products/12pcs-pine-rods-kit-for-vintage-speed-beetle-roof-rack-1
24,"12PT HEX, CV REMOVAL 12 POINT HEX SOCKET ,8MM 3/8'DRIVE",$4.78,00-5796-0,https://thevdubfactory.com/collections/all/products/12pt-hex-cv-removal
25,12PT. 8MM ENGINE NUTS(8) 17-2988-0,$12.05,17-2988-0,https://thevdubfactory.com/collections/all/products/12pt-8mm-engine-nuts8
26,"12V GEN/ALT PULLEY,GOLD ZINC 0-9166-0",$7.79,00-9166-0,https://thevdubfactory.com/collections/all/products/12v-gen-pulley-gold-zinc
27,"13-1/2"" TALL TRIGGER SHIFTER",$54.32,00-4450-0,https://thevdubfactory.com/collections/all/products/trigger-shifter-long
28,"13-15-1600 EXT, EXHAUST SYSTEM, SINGLE QUIET PACK",$138.11,00-3312-0,https://thevdubfactory.com/collections/all/products/13-15-1600-ext-qt-muffler
29,"13-15-1600 EXT,BLK MUFFLER 00-3310-0",$138.53,00-3310-0,https://thevdubfactory.com/collections/all/products/13-15-1600-ext-blk-muffler
30,"13-5/8"" Convex Rear View Mirror, VW Bug EMPI Baja Dune Buggy 00-4587-0",$16.10,00-4587-0,https://thevdubfactory.com/collections/all/products/convex-mirror-13
31,14MM WHEEL NUT EACH,$1.69,70-2860-7,https://thevdubfactory.com/collections/all/products/14mm-wheel-nut-each
32,"17"" Convex Rear View Mirror, VW Bug EMPI Baja Dune Buggy",$19.04,00-4588-0,https://thevdubfactory.com/collections/all/products/convex-mirror-17
33,"1950~1955 BEETLE SPORT MUFFLER ,APRON WITHOUT CUT OUTS 50/35",$500.19,155-203-05100,https://thevdubfactory.com/collections/all/products/1950-1955-beetle-sport-muffler-apron-without-cut-outs-50-35
34,"1956~1977 EXTREME LOWERED VW BUG, SPORT MUFFLER",$500.19,155-233-05700,https://thevdubfactory.com/collections/all/products/1956-1977-extreme-lowered-vw-bug-sport-muffler
35,"1960~1967 BUS SP MUFFLER, CLASSIC OVAL TAIL PIPE AT RIGHT SIDE",$500.19,155-206-05300,https://thevdubfactory.com/collections/all/products/1960-1967-bus-sp-muffler-classic-oval-tail-pipe-at-right-side
36,"1960~1967 BUS SPORT MUFFLER, CLASSIC OVAL TAIL PIPE AT LEFT SIDE",$500.19,155-206-05400,https://thevdubfactory.com/collections/all/products/1960-1967-bus-sport-muffler-classic-oval-tail-pipe-at-left-side
37,"1960~1967 BUS SPORT MUFFLER, STANDARD TAIL PIPE",$500.19,155-206-05200,https://thevdubfactory.com/collections/all/products/1960-1967-bus-sport-muffler-standard-tail-pipe
38,"1960~1967 BUS SPORT MUFFLER, STANDARD TAIL PIPE // for Tow Bar",$500.19,155-706-05600,https://thevdubfactory.com/collections/all/products/1960-1967-bus-sport-muffler-standard-tail-pipe-for-tow-bar
39,"2 1/16"" Gauge Hole Cover, Block Off Plate V2-4086-4",$16.10,V2-4086-4,https://thevdubfactory.com/collections/all/products/blind-cover-f-unused-2-1-16
40,2 BOLT MUFFLER FLANGE GASKETS 2,$1.91,00-3405-0,https://thevdubfactory.com/collections/all/products/2blt-muff-flange-gaskets-2
41,"2 Hole Gauge Panel, Chrome For 2-1/16",$19.04,14-1012-0,https://thevdubfactory.com/collections/all/products/metal-mount-bkt-chr-2-hole
42,"2 POINT RETRACT SEAT BELT, BLACK, PAIR",$117.53,00-3847-0,https://thevdubfactory.com/collections/all/products/2pt-retract-seat-belt-blk-pr
43,2 PSI ALM RESIDUAL VALVE(1/8),$16.10,17-2932-0,https://thevdubfactory.com/collections/all/products/2psi-alm-residual-valve1-8
44,2 PSI ALUMINUM RESIDUAL VALVE,$19.04,17-2928-0,https://thevdubfactory.com/collections/all/products/2psi-alum-residual-valve
45,2 PSI RESIDUAL VALVE KIT,$24.92,17-2935-0,https://thevdubfactory.com/collections/all/products/2-psi-residual-valve-kit
46,2 SPOKE CHROME KNOCK-OFFS (4) 00-9620-0,$44.03,00-9620-0,https://thevdubfactory.com/collections/all/products/2-spoke-chr-knock-offs-4
47,"2 Tip Gt Exhaust, For 40Hp 1200cc VW Engines, Raw 00-3766-0",$138.11,00-3766-0,https://thevdubfactory.com/collections/all/products/2-tip-exh-t-1-40hp-1200-ea
48,"2"" BAR SLIDE FOR BELTS,PR  00-3923-0",$12.86,00-3923-0,https://thevdubfactory.com/collections/all/products/2-bar-slide-f-belts-pr
49,"2"" FLAT SNAP FOR BELTS,PR",$14.48,00-3922-0,https://thevdubfactory.com/collections/all/products/2-flat-snap-f-belts-pr
50,"2"" Narrowed Ball Joint Beam, With Adjusters",$355.67,22-2819-0,https://thevdubfactory.com/collections/all/products/narrow-beam-ball-joint
51,"2"" SHOULDER HARNESS TWIN MOUNT",$83.72,00-3906-0,https://thevdubfactory.com/collections/all/products/2-shoulder-harness-twin-mt
52,"2"" SHOULDER HARNESS Y-STYLE",$79.31,00-3905-0,https://thevdubfactory.com/collections/all/products/2-shoulder-harness-y-style
53,"2-BOLT PORT FLG 1 3/8"" (2)",$4.48,00-3510-0,https://thevdubfactory.com/collections/all/products/2-bolt-port-flg-1-3-8-2
54,2-HOLE GAUGE PANEL,$6.39,14-1007-0,https://thevdubfactory.com/collections/all/products/2-hole-gauge-panel
55,"2-TIP EXHAUST T1,C-COAT",$307.16,55-3418-0,https://thevdubfactory.com/collections/all/products/2-tip-exh-t1-c-coat
56,"200MM CLUTCH DISC RIGID,EA",$21.98,32-1245-B,https://thevdubfactory.com/collections/all/products/200mm-clutch-dsc-rigid-ea
57,200MM CLUTCH DSC RIGID HUB,$23.45,32-1245-0,https://thevdubfactory.com/collections/all/products/200mm-clutch-dsc-rigid-hub
58,"208BNE GASKET SET,T-2,1.7",$64.61,98-9206-B,https://thevdubfactory.com/collections/all/products/208bne-gasket-set-t-2-1-7
59,"23"" 60 TO 67 SPLIT BUS CLASSIC QUICK SHIFTER",$293.56,155-795-50SPT,https://thevdubfactory.com/collections/all/products/23-60-to-67-split-bus-classic-quick-shifter
60,"23"" LHD 68 TO 79 BAYWINDOW BUS CLASSIC SPORT QUICK SHIFTER",$293.56,155-795-50LHD,https://thevdubfactory.com/collections/all/products/23-lhd-68-to-79-baywindow-bus-classic-sport-quick-shifter
61,"23"" RHD 68 TO 79 BAYWINDOW BUS CLASSIC SPORT QUICK SHIFTER",$293.56,155-795-50RHD,https://thevdubfactory.com/collections/all/products/23-rhd-68-to-79-baywindow-bus-classic-sport-quick-shifter
62,"25.25"" BRAKE LINE,T-1 ALL,EA",$5.15,98-9618-B,https://thevdubfactory.com/collections/all/products/25-25-brake-line-t-1-all-ea
63,"25HP, 36HP, QUIET SEBRING STYLE EXHAUST SYSTEM","$1,114.78",155-201-04101,https://thevdubfactory.com/collections/all/products/25hp-36hp-quiet-sebring-style-exhaust-system
64,292MM BRAKE HOSE MALE/FEMALE,$9.63,98-6709-B,https://thevdubfactory.com/collections/all/products/292mm-brake-hose-male-female
65,"2‚Äù Narrowed Beam with Ratchet Style Adjusters, Ball Joint for Dropped Spindles",$355.67,22-2814-0,https://thevdubfactory.com/collections/all/products/narrow-beam-b-j-drop-spl
66,3 BOLT COLLECTOR FLANGE,$4.04,00-3406-0,https://thevdubfactory.com/collections/all/products/3-bolt-collector-flange
67,"3 BOLT FLANGE 1-3/4"" ID,EA",$3.23,00-3695-0,https://thevdubfactory.com/collections/all/products/3-bolt-flange-1-3-4-id-ea
68,"3 BOLT FLANGE 2"" ID,EA",$3.23,00-3698-0,https://thevdubfactory.com/collections/all/products/3-bolt-flange-2-id-ea
69,"3 Hole Gauge Panel, Black For 2-1/16",$20.51,14-1011-0,https://thevdubfactory.com/collections/all/products/metal-mount-bkt-blk-3-hole
70,"3 Hole Gauge Panel, Chrome For 2-1/16",$20.51,14-1013-0,https://thevdubfactory.com/collections/all/products/metal-mount-bkt-chr-3-hole
71,3 PC BLK HTR CHANNEL KIT,$35.21,00-8948-0,https://thevdubfactory.com/collections/all/products/3-pc-blk-htr-channel-kit
72,3 PC CHROME HEATER CHANNEL KIT,$36.68,00-8949-0,https://thevdubfactory.com/collections/all/products/3-pc-chr-htr-channel-kit
73,"3 POINT RETRACT SEATBELT,BLACK, PAIR",$177.80,00-3851-0,https://thevdubfactory.com/collections/all/products/3pt-retract-seatbelt-blk-pr
74,"3 POINT RETRACTABLE BELT GREY,PR.",$177.80,18-1032-0,https://thevdubfactory.com/collections/all/products/3pt-retract-belt-grey-pr
75,"3 POINT RETRACTABLE BELT,BLUE,PR.",$177.80,18-1031-0,https://thevdubfactory.com/collections/all/products/3pt-retract-belt-blue-pr
76,"3 POINT RETRACTABLE BELT,RED,PR.",$177.80,18-1029-0,https://thevdubfactory.com/collections/all/products/3pt-retract-belt-red-pr
77,"3 POINT RETRACTABLE BELT,TAN,PAIR",$177.80,18-1030-0,https://thevdubfactory.com/collections/all/products/3pt-retract-belt-tan-pr
78,3 PRONG PUSH-ON CONNECTOR KIT,$6.10,V2-4002-6,https://thevdubfactory.com/collections/all/products/3-prong-push-on-connector-kt
79,"3"" BAR SLIDE F/BELTS,PR",$14.55,00-3924-0,https://thevdubfactory.com/collections/all/products/3-bar-slide-f-belts-pr
80,"3""LAP BELT ONLY (SNAP IN)",$96.95,00-3902-0,https://thevdubfactory.com/collections/all/products/3lap-belt-only-snap-in
81,3-BOLT FLANGE GASKET (2),$2.72,00-3385-0,https://thevdubfactory.com/collections/all/products/3-bolt-flange-gasket-2
82,3-HOLE GAUGE PANEL,$6.91,14-1001-0,https://thevdubfactory.com/collections/all/products/3-hole-gauge-panel
83,"3-HOLE GAUGE PANEL, CHROME",$8.01,14-1002-0,https://thevdubfactory.com/collections/all/products/3-hole-gauge-panel-chrome
84,30 PICT-1 BASE GASKET(2),$4.04,00-3254-0,https://thevdubfactory.com/collections/all/products/30-pict-1-base-gasket2
85,31MM HI-PERFORMANCE LIFTERS(8),$42.56,21-4302-0,https://thevdubfactory.com/collections/all/products/31mm-hi-perf-lifters8
86,34 PICT-3 BASE GASKET(2),$3.53,00-3253-0,https://thevdubfactory.com/collections/all/products/34-pict-3-base-gasket2
87,"35.5MM HEAVY DUTY VALVE SEATS AIR-COOLED VW HEAD, SET-4",$36.68,B4-0260-0,https://thevdubfactory.com/collections/all/products/35-5mm-valve-seats-4
88,"36MM AXLE NUT, ZINC, EA",$3.97,16-2421-0,https://thevdubfactory.com/collections/all/products/36mm-axle-nut-zinc-ea
89,36MM D-CARB BASE GASKET(2),$2.06,44-1113-0,https://thevdubfactory.com/collections/all/products/36mm-d-carb-base-gasket2
90,36MM D-CARB W/STACKS(DL),$407.12,44-1036-0,https://thevdubfactory.com/collections/all/products/36mm-d-carb-w-stacksdl
91,"37.5MM HEAVY DUTY VALVE SEATS AIR-COOLED VW HEAD, SET-4",$36.68,B4-0280-0,https://thevdubfactory.com/collections/all/products/37-5mm-valve-seats-4
92,"37MM HEAVY DUTY VALVE SEATS AIR-COOLED VW HEAD, SET-4",$36.68,B4-0270-0,https://thevdubfactory.com/collections/all/products/37-0mm-valve-seats-4
93,"38"" Rear Bench Seat Cover, Diamond Pattern",$46.97,00-3061-0,https://thevdubfactory.com/collections/all/products/dia-seat-cvr-bgy-37-3-4-blk
94,38EGAS CARB CSTNG GASKET(2),$5.66,00-3248-0,https://thevdubfactory.com/collections/all/products/38egas-carb-cstng-gasket2
95,38EPC/DGV BASE GASKET(2),$2.28,00-3411-0,https://thevdubfactory.com/collections/all/products/38epc-dgv-base-gasket2
96,38MM HEADER BEETLE MERGE COMP 740 EXHAUST SYSTEM 57/35,$949.49,155-203-06038,https://thevdubfactory.com/collections/all/products/38mm-header-beetle-merge-comp-740-exhaust-system-57-35
97,38MM SUPER SPORT EL SS143 EXHAUST SYSTEMS BAYWINDOW T2 BUS with Type 1 Engine,"$1,046.58",155-210-05038,https://thevdubfactory.com/collections/all/products/38mm-super-sport-el-ss143-exhaust-systems-baywindow-t2-bus-with-type-1-engine
98,38MM SUPER SPORT EL SS143 EXHAUST SYSTEMS BAYWINDOW T2 BUS with Type 1 Engine,"$1,046.58",155-209-05038,https://thevdubfactory.com/collections/all/products/38mm-super-sport-el-ss143-exhaust-systems-baywindow-t2-bus-with-type-1-engine-1
99,38MM SUPER SPORT EL SS143 EXHAUST SYSTEMS BUG 50/35,$977.26,155-203-05038,https://thevdubfactory.com/collections/all/products/38mm-super-sport-el-ss143-exhaust-systems-bug-50-35
100,38MM SUPER SPORT EL SS143 EXHAUST SYSTEMS SPLIT BUS // USE EL-HEADER-13mm,$977.26,155-207-05038,https://thevdubfactory.com/collections/all/products/38mm-super-sport-el-ss143-exhaust-systems-split-bus-use-el-header-13mm
101,38MM SUPER SPORT EL SS143 EXHAUST SYSTEMS SPLIT BUS // USE EL-HEADER-13mm,$977.26,155-206-05038,https://thevdubfactory.com/collections/all/products/38mm-super-sport-el-ss143-exhaust-systems-split-bus-use-el-header-13mm-1
102,3PC STAINLESS FIREWALL,$64.61,62-3030-0,https://thevdubfactory.com/collections/all/products/3pc-stainless-firewall
103,4 EARLY BLOCK-OFF SEALS,$3.01,00-9255-0,https://thevdubfactory.com/collections/all/products/4-early-block-off-seals
104,4 LATE BLOCK-OFF SEALS,$3.01,00-9256-0,https://thevdubfactory.com/collections/all/products/4-late-block-off-seals
105,4 LUG SMOOTHIE HUBCAP,$14.19,10-1060-0,https://thevdubfactory.com/collections/all/products/4-lug-smoothie-hubcap
106,"4 PC. WHEEL STUD KIT,14MM",$3.16,00-9484-0,https://thevdubfactory.com/collections/all/products/4-pc-wheel-stud-kit-14mm
107,"4 POINT BELT W/""Y"" HARNESS,BLACK",$148.40,00-3978-0,https://thevdubfactory.com/collections/all/products/4pt-belt-w-y-harness-black
108,"4 POINT BELT W/""Y"" HARNESS,BLUE",$151.34,00-3976-0,https://thevdubfactory.com/collections/all/products/4pt-belt-w-y-harness-blue
109,"4 POINT BELT W/""Y"" HARNESS,GREY",$148.40,00-3979-0,https://thevdubfactory.com/collections/all/products/4pt-belt-w-y-harness-grey
110,"4 POINT BELT W/""Y"" HARNESS,RED",$148.40,00-3977-0,https://thevdubfactory.com/collections/all/products/4pt-belt-w-y-harness-red
111,4 POINT BELT W/TWIN HARNESS,$149.87,00-3901-0,https://thevdubfactory.com/collections/all/products/4pt-belt-w-twin-harness
112,4 POINT BELT W/Y HARNESS,$148.40,00-3900-0,https://thevdubfactory.com/collections/all/products/4pt-belt-w-y-harness
113,"4 Spoke Wheel, All Chrome, 5.5"" Wide, Fits 4 on 130mm VW",$274.82,10-1094-0,https://thevdubfactory.com/collections/all/products/4-spk-chr-whl-15x5-5-4x130
114,"4 Spoke Wheel, Grey Finish, 5.5"" Wide, Fits 4 on 130mm VW",$154.28,10-1093-0,https://thevdubfactory.com/collections/all/products/4-spk-ath-whl-15x5-5-4x130
115,4 TIP EXHAUST BUS 75-78,$143.99,00-3484-0,https://thevdubfactory.com/collections/all/products/4-tip-exhaust-bus-75-78
116,4 TIP EXTRACTOR FOR TYPE 1,$138.11,00-3414-0,https://thevdubfactory.com/collections/all/products/4-tip-extractor-for-type-1
117,4-PAD RACE DISC,$77.84,00-4091-0,https://thevdubfactory.com/collections/all/products/4-pad-race-disc
118,"4-PIECE GRILLE SET, ALUM., TYPE1",$38.15,00-6426-0,https://thevdubfactory.com/collections/all/products/chrome-4-pc-lid-grilles
119,4-TIP EXTRACTOR FOR TYPE 3,$138.11,00-3415-0,https://thevdubfactory.com/collections/all/products/4-tip-extractor-for-type-3
120,"40-44IDF/HMPX/DRLA GASKETS,2",$1.76,00-3315-0,https://thevdubfactory.com/collections/all/products/40-44idf-hmpx-drla-gaskets-2
121,"409 SPIRO PRO WIRE SET,BLACK",$54.32,00-9395-0,https://thevdubfactory.com/collections/all/products/409-spiro-pro-wire-set-blk
122,"409 SPIRO PRO WIRE SET,BLUE",$54.32,00-9396-0,https://thevdubfactory.com/collections/all/products/409-spiro-pro-wire-set-blue
123,"409 SPIRO PRO WIRE SET,GREY",$54.32,00-9393-0,https://thevdubfactory.com/collections/all/products/409-spiro-pro-wire-set-grey
124,"409 SPIRO PRO WIRE SET,RED",$54.32,00-9397-0,https://thevdubfactory.com/collections/all/products/409-spiro-pro-wire-set-red
125,"409 SPIRO PRO WIRE SET,YELLOW",$54.32,00-9394-0,https://thevdubfactory.com/collections/all/products/409-spiro-pro-wire-set-yell
126,"4096 HEAVY DUTY KUSH LOK 200MM/8"" RIGID CLUTCH DISC VW SPLINE HOLE",$57.26,00-4096-0,https://thevdubfactory.com/collections/all/products/200mm-kush-lock
127,"40HPMX CARB KIT,PORSCHE",$676.13,48-1291-0,https://thevdubfactory.com/collections/all/products/40hpmx-carb-kit-porsche
128,"40IDF CARB KIT,PORSCHE","$1,048.04",44-1291-0,https://thevdubfactory.com/collections/all/products/40idf-carb-kit-porsche
129,40MM D-CARB BASE GASKET(2),$2.06,44-1114-0,https://thevdubfactory.com/collections/all/products/40mm-d-carb-base-gasket2
130,40MM D-CARB W/STACKS(SGL),$430.64,44-1040-2,https://thevdubfactory.com/collections/all/products/40mm-d-carb-w-stackssgl
131,40MM VALVE SEATS (4),$36.68,B4-0240-0,https://thevdubfactory.com/collections/all/products/40mm-valve-seats-4
132,411/VAN 72-74 EXHAUST QUIET MUFFLER,$120.47,00-3439-0,https://thevdubfactory.com/collections/all/products/411-van-72-74-ext-qt-muff
133,"42MM HEAVY DUTY VALVE SEATS AIR-COOLED VW HEAD, SET-4",$36.68,B4-0430-0,https://thevdubfactory.com/collections/all/products/42mm-valve-seats-4
134,"43MM HEADER Baywindow BUS, MERGE COMP 740 EXHAUST SYSTEM","$1,004.59",155-210-06043,https://thevdubfactory.com/collections/all/products/43mm-header-baywindow-bus-merge-comp-740-exhaust-system
135,"43MM HEADER Baywindow BUS, MERGE COMP 740 EXHAUST SYSTEM","$1,004.59",155-209-06043,https://thevdubfactory.com/collections/all/products/43mm-header-baywindow-bus-merge-comp-740-exhaust-system-1
136,"43MM HEADER SPLIT BUS, MERGE COMP 740 EXHAUST SYSTEM","$1,004.59",155-207-06043,https://thevdubfactory.com/collections/all/products/43mm-header-split-bus-merge-comp-740-exhaust-system
137,43MM QUIET SEBRING STYLE EXHAUST SYSTEM,"$1,324.15",155-203-05101,https://thevdubfactory.com/collections/all/products/43mm-quiet-sebring-style-exhaust-system
138,43MM SUPER SPORT EL SS143 EXHAUST SYSTEMS BAYWINDOW T2 BUS with Type 1 Engine,"$1,147.18",155-210-05043,https://thevdubfactory.com/collections/all/products/43mm-super-sport-el-ss143-exhaust-systems-baywindow-t2-bus-with-type-1-engine
139,43MM SUPER SPORT EL SS143 EXHAUST SYSTEMS BAYWINDOW T2 BUS with Type 1 Engine,"$1,147.18",155-209-05043,https://thevdubfactory.com/collections/all/products/43mm-super-sport-el-ss143-exhaust-systems-baywindow-t2-bus-with-type-1-engine-1
140,43MM SUPER SPORT EL SS143 EXHAUST SYSTEMS BUG 50/35,"$1,043.31",155-203-05043,https://thevdubfactory.com/collections/all/products/43mm-super-sport-el-ss143-exhaust-systems-bug-50-35
141,43MM SUPER SPORT EL SS143 EXHAUST SYSTEMS SPLIT BUS // USE EL-HEADER-13mm,"$1,043.31",155-207-05043,https://thevdubfactory.com/collections/all/products/43mm-super-sport-el-ss143-exhaust-systems-split-bus-use-el-header-13mm
142,43MM SUPER SPORT EL SS143 EXHAUST SYSTEMS SPLIT BUS // USE EL-HEADER-13mm,"$1,043.31",155-206-05043,https://thevdubfactory.com/collections/all/products/43mm-super-sport-el-ss143-exhaust-systems-split-bus-use-el-header-13mm-1
143,44 HPMX W/STACKS(SINGLE),$301.28,47-1012-2,https://thevdubfactory.com/collections/all/products/44-hpmx-w-stackssingle
144,"44HPMX CARB KIT,PORSCHE",$662.90,48-1292-0,https://thevdubfactory.com/collections/all/products/44hpmx-carb-kit-porsche
145,"44IDF CARB KIT,PORSCHE","$1,109.78",44-1292-0,https://thevdubfactory.com/collections/all/products/44idf-carb-kit-porsche
146,"44MM HEADER, 150MM DIAMETER MUFFLER, MERGE COMP 740 EXHAUST SYSTEM 57/35","$1,368.23",155-203-06044,https://thevdubfactory.com/collections/all/products/44mm-header-150mm-diameter-muffler-merge-comp-740-exhaust-system-57-35
147,44MM VALVE SEATS (4),$36.68,B4-0250-0,https://thevdubfactory.com/collections/all/products/44mm-valve-seats-4
148,"44mm Venturi, For Epc 48-51 & 48 IDA Weber Carburetors",$23.45,43-5621-0,https://thevdubfactory.com/collections/all/products/main-venturi-44mm-ea
149,45MM D-CARB BASE GASKET(2),$2.06,44-1115-0,https://thevdubfactory.com/collections/all/products/45mm-d-carb-base-gasket2
150,45MM D-CARB W/STACKS(DL),$407.12,44-1045-0,https://thevdubfactory.com/collections/all/products/45mm-d-carb-w-stacksdl
151,"46MM AXLE NUT,BLACK,EA",$6.10,211-501-221A,https://thevdubfactory.com/collections/all/products/46mm-axle-nut-black-ea
152,46MM GLAND NUT SOCKET,$11.25,00-5769-0,https://thevdubfactory.com/collections/all/products/46mm-gland-nut-socket
153,48-51 IDA/EPC GASKETS (2),$1.91,00-3396-0,https://thevdubfactory.com/collections/all/products/48-51-ida-epc-gaskets-2
154,48IDA RACE CROSSBAR LINKAGE KIT,$113.12,43-5240-0,https://thevdubfactory.com/collections/all/products/48ida-race-crossbar-lnkg-kit
155,"48MM HEADER, 150MM DIAMETER MUFFLER, MERGE COMP 740 EXHAUST SYSTEM 57/35","$1,588.62",155-203-06048,https://thevdubfactory.com/collections/all/products/48mm-header-150mm-diameter-muffler-merge-comp-740-exhaust-system-57-35
156,48MM SUPER SPORT EL SS143 EXHAUST SYSTEMS BAYWINDOW T2 BUS with Type 1 Engine,"$1,242.29",155-210-05048,https://thevdubfactory.com/collections/all/products/48mm-super-sport-el-ss143-exhaust-systems-baywindow-t2-bus-with-type-1-engine
157,48MM SUPER SPORT EL SS143 EXHAUST SYSTEMS BUG 50/35,"$1,142.11",155-203-05048,https://thevdubfactory.com/collections/all/products/48mm-super-sport-el-ss143-exhaust-systems-bug-50-35
158,48MM SUPER SPORT EL SS143 EXHAUST SYSTEMS SPLIT BUS // USE EL-HEADER-13mm,"$1,142.11",155-207-05048,https://thevdubfactory.com/collections/all/products/48mm-super-sport-el-ss143-exhaust-systems-split-bus-use-el-header-13mm
159,48MM SUPER SPORT EL SS143 EXHAUST SYSTEMS SPLIT BUS // USE EL-HEADER-13mm,"$1,142.11",155-206-05048,https://thevdubfactory.com/collections/all/products/48mm-super-sport-el-ss143-exhaust-systems-split-bus-use-el-header-13mm-1
160,4PC DOOR PANEL 58-64 W/POCKET,$96.95,00-4852-0,https://thevdubfactory.com/collections/all/products/4pc-dr-pnl-58-64-w-pocket
161,5 LUG SMOOTHIE HUBCAP,$16.10,10-1061-0,https://thevdubfactory.com/collections/all/products/5-lug-smoothie-hubcap
162,"5 Panel Rear View Mirror, Plastic Body",$19.04,00-4580-0,https://thevdubfactory.com/collections/all/products/interior-mirror
163,"5 PC. WHEEL STUD KIT,12MM",$5.95,00-9483-0,https://thevdubfactory.com/collections/all/products/5-pc-wheel-stud-kit-12mm
164,"5 PC. WHEEL STUD KIT,14MM",$8.67,00-9496-0,https://thevdubfactory.com/collections/all/products/5-pc-wheel-stud-kit-14mm
165,"5 POINT BELT W/""V"" HARNESS,BLACK",$176.33,00-3970-0,https://thevdubfactory.com/collections/all/products/5pt-belt-w-v-harness-black
166,"5 POINT BELT W/""V"" HARNESS,BLUE",$173.39,00-3968-0,https://thevdubfactory.com/collections/all/products/5pt-belt-w-v-harness-blue
167,"5 POINT BELT W/""V"" HARNESS,GREY",$173.39,00-3971-0,https://thevdubfactory.com/collections/all/products/5pt-belt-w-v-harness-grey
168,"5 POINT BELT W/""V"" HARNESS,RED",$173.39,00-3969-0,https://thevdubfactory.com/collections/all/products/5pt-belt-w-v-harness-red
169,"5 POINT BELT W/""Y"" HARNESS,BLACK",$173.39,00-3966-0,https://thevdubfactory.com/collections/all/products/5pt-belt-w-y-harness-black
170,"5 POINT BELT W/""Y"" HARNESS,BLUE",$173.39,00-3964-0,https://thevdubfactory.com/collections/all/products/5pt-belt-w-y-harness-blue
171,"5 POINT BELT W/""Y"" HARNESS,GREY",$173.39,00-3967-0,https://thevdubfactory.com/collections/all/products/5pt-belt-w-y-harness-grey
172,"5 POINT BELT W/""Y"" HARNESS,RED",$173.39,00-3965-0,https://thevdubfactory.com/collections/all/products/5pt-belt-w-y-harness-red
173,"5 POINT BELT W/TWIN HARNESS,BLACK",$173.39,00-3974-0,https://thevdubfactory.com/collections/all/products/5pt-belt-w-twin-harness-blck
174,"5 POINT BELT W/TWIN HARNESS,BLUE",$176.33,00-3972-0,https://thevdubfactory.com/collections/all/products/5pt-belt-w-twin-harness-blue
175,"5 POINT BELT W/TWIN HARNESS,GREY",$176.33,00-3975-0,https://thevdubfactory.com/collections/all/products/5pt-belt-w-twin-harness-grey
176,"5 POINT BELT W/TWIN HARNESS,RED",$173.39,00-3973-0,https://thevdubfactory.com/collections/all/products/5pt-belt-w-twin-harness-red
177,"5 Rib Wheel, All Chrome, 5.5"" Wide, Fits 5 on 205mm VW",$245.42,00-9751-0,https://thevdubfactory.com/collections/all/products/5-rib-chrome-whl-5-5-5x205
178,"5 Rib Wheel, Grey, 5.5"" Wide, Fits 5 on 205mm VW",$145.46,00-9750-0,https://thevdubfactory.com/collections/all/products/5-rib-wheel-5-5-5x205
179,"5"" CHROME OFFROAD LIGHT, EA.",$21.98,00-9309-0,https://thevdubfactory.com/collections/all/products/5-chrome-offroad-light-ea
